mode,embedding_name,embedding_label,embedding_family,embedding_source,algorithm,k,eps,min_samples,n_neighbors,assign_labels,n_init,max_iter,metric,evaluation_metric,linkage,n_docs,affinity,gamma,silhouette,davies_bouldin,ari,dunn,metrics_eligible,n_clusters,n_clustered_docs,n_noise,noise_ratio,coverage_ratio,cluster_size_min,cluster_size_max,cluster_size_mean,cluster_size_median,cluster_size_std,largest_cluster_ratio,largest_cluster_doc_ratio,tiny_cluster_count,tiny_cluster_doc_ratio,runtime_sec,selection_eligible,analysis_eligible
full,fasttext,fastText wiki-news 300,static,fasttext-wiki-news-subwords-300,hierarchical,10,,0,0,,0,0,euclidean,euclidean,ward,17982,,,0.008016335777938366,3.961495580375229,0.11131769569291211,0.0942310586942472,1.0,10.0,17982.0,0.0,0.0,1.0,533.0,4447.0,1798.2,1411.5,1204.6986179123808,0.2473028584139695,0.2473028584139695,0.0,0.0,44.20301008224487,True,True
full,fasttext,fastText wiki-news 300,static,fasttext-wiki-news-subwords-300,hierarchical,15,,0,0,,0,0,euclidean,euclidean,ward,17982,,,0.005063226446509361,3.8422583384634468,0.1396867498968941,0.09915435235543961,1.0,15.0,17982.0,0.0,0.0,1.0,55.0,2969.0,1198.8,1183.0,783.6966419901686,0.16510955399844288,0.16510955399844288,0.0,0.0,43.778682708740234,True,True
full,fasttext,fastText wiki-news 300,static,fasttext-wiki-news-subwords-300,hierarchical,25,,0,0,,0,0,euclidean,euclidean,ward,17982,,,-0.0013217803789302707,3.9801386893968167,0.14961707902916752,0.10344806707548242,1.0,25.0,17982.0,0.0,0.0,1.0,10.0,2056.0,719.28,639.0,465.5769341365613,0.11433655878100323,0.11433655878100323,0.0,0.0,44.67278432846069,True,True
full,fasttext,fastText wiki-news 300,static,fasttext-wiki-news-subwords-300,hierarchical,30,,0,0,,0,0,euclidean,euclidean,ward,17982,,,-0.0029918584041297436,3.9977553961440715,0.14645325796405234,0.10344806707548242,1.0,30.0,17982.0,0.0,0.0,1.0,10.0,1372.0,599.4,482.0,362.79494667557503,0.07629852074296518,0.07629852074296518,0.0,0.0,44.939637660980225,True,True
full,fasttext,fastText wiki-news 300,static,fasttext-wiki-news-subwords-300,hierarchical,20,,0,0,,0,0,euclidean,euclidean,ward,17982,,,-0.0030360629316419363,4.060359087035481,0.14296674719919147,0.09915435235543961,1.0,20.0,17982.0,0.0,0.0,1.0,55.0,2056.0,899.1,887.0,527.0345244858253,0.11433655878100323,0.11433655878100323,0.0,0.0,44.13088083267212,True,True
full,sbert,SBERT MiniLM-L6-v2,transformer,sentence-transformers/all-MiniLM-L6-v2,hierarchical,10,,0,0,,0,0,cosine,cosine,average,17986,,,0.038392771035432816,4.101764789489568,0.14770511672767317,0.23070016835384122,1.0,10.0,17986.0,0.0,0.0,1.0,6.0,7317.0,1798.6,534.0,2515.8926924652405,0.40681641276548425,0.40681641276548425,0.0,0.0,46.41832971572876,True,True
full,sbert,SBERT MiniLM-L6-v2,transformer,sentence-transformers/all-MiniLM-L6-v2,hierarchical,15,,0,0,,0,0,cosine,cosine,average,17986,,,0.03191686049103737,3.8281465716649534,0.16677202797613225,0.23070016835384122,1.0,15.0,17986.0,0.0,0.0,1.0,3.0,6537.0,1199.0666666666666,215.0,2053.6341597816836,0.36344934949405094,0.36344934949405094,3.0,0.0006115867897253419,46.44790458679199,True,True
full,sbert,SBERT MiniLM-L6-v2,transformer,sentence-transformers/all-MiniLM-L6-v2,hierarchical,30,,0,0,,0,0,cosine,cosine,average,17986,,,0.026754632592201233,4.038514414472892,0.2393767583762735,0.21856496531110917,1.0,30.0,17986.0,0.0,0.0,1.0,3.0,4941.0,599.5333333333333,66.5,1148.8031085535165,0.2747136661848104,0.2747136661848104,3.0,0.0006115867897253419,46.807817697525024,True,True
full,sbert,SBERT MiniLM-L6-v2,transformer,sentence-transformers/all-MiniLM-L6-v2,hierarchical,20,,0,0,,0,0,cosine,cosine,average,17986,,,0.026192571967840195,3.9907505609578644,0.16589854669329215,0.23070016835384122,1.0,20.0,17986.0,0.0,0.0,1.0,3.0,6537.0,899.3,96.5,1838.7548259623957,0.36344934949405094,0.36344934949405094,3.0,0.0006115867897253419,46.76556158065796,True,True
full,sbert,SBERT MiniLM-L6-v2,transformer,sentence-transformers/all-MiniLM-L6-v2,hierarchical,10,,0,0,,0,0,euclidean,euclidean,ward,17986,,,0.02370188571512699,5.3588249928721154,0.26365743061887825,0.3815914367090378,1.0,10.0,17986.0,0.0,0.0,1.0,656.0,3303.0,1798.6,1672.0,873.0865020145484,0.1836428333148004,0.1836428333148004,0.0,0.0,47.81073355674744,True,True
full,sbert,SBERT MiniLM-L6-v2,transformer,sentence-transformers/all-MiniLM-L6-v2,hierarchical,25,,0,0,,0,0,cosine,cosine,average,17986,,,0.022834373638033867,4.0484514559655755,0.19141421075425344,0.21856496531110917,1.0,25.0,17986.0,0.0,0.0,1.0,3.0,5920.0,719.44,66.0,1467.431336178971,0.3291448904703658,0.3291448904703658,3.0,0.0006115867897253419,46.81930685043335,True,True
full,sbert,SBERT MiniLM-L6-v2,transformer,sentence-transformers/all-MiniLM-L6-v2,hierarchical,15,,0,0,,0,0,euclidean,euclidean,ward,17986,,,0.015044979751110077,5.315622319704421,0.28790272249934973,0.382070463135816,1.0,15.0,17986.0,0.0,0.0,1.0,401.0,2265.0,1199.0666666666666,1070.0,598.1225589756295,0.12593127988435449,0.12593127988435449,0.0,0.0,47.712966203689575,True,True
full,sbert,SBERT MiniLM-L6-v2,transformer,sentence-transformers/all-MiniLM-L6-v2,hierarchical,25,,0,0,,0,0,euclidean,euclidean,ward,17986,,,0.014295333996415138,4.92344122366318,0.2868024503835819,0.3369777587742421,1.0,25.0,17986.0,0.0,0.0,1.0,187.0,1999.0,719.44,578.0,440.11317453582325,0.1111419993328144,0.1111419993328144,0.0,0.0,48.65328073501587,True,True
full,sbert,SBERT MiniLM-L6-v2,transformer,sentence-transformers/all-MiniLM-L6-v2,hierarchical,30,,0,0,,0,0,euclidean,euclidean,ward,17986,,,0.014274333603680134,4.997269000422722,0.30077128387392915,0.3369777587742421,1.0,30.0,17986.0,0.0,0.0,1.0,187.0,1458.0,599.5333333333333,557.5,284.42570598000145,0.08106304903814078,0.08106304903814078,0.0,0.0,48.420273542404175,True,True
full,sbert,SBERT MiniLM-L6-v2,transformer,sentence-transformers/all-MiniLM-L6-v2,hierarchical,20,,0,0,,0,0,euclidean,euclidean,ward,17986,,,0.013088556006550789,4.99401981757284,0.28520100710327995,0.382070463135816,1.0,20.0,17986.0,0.0,0.0,1.0,187.0,2265.0,899.3,635.5,567.4314143577177,0.12593127988435449,0.12593127988435449,0.0,0.0,48.02702307701111,True,True
full,tfidf_baseline,Baseline,static_tfidf_svd,sklearn_pipeline,hierarchical,30,,0,0,,0,0,euclidean,euclidean,ward,17980,,,0.03427673374762334,3.7400946020824692,0.14841246079494463,0.22529370683297137,1.0,30.0,17980.0,0.0,0.0,1.0,80.0,1994.0,599.3333333333334,377.0,454.83545254178335,0.11090100111234705,0.11090100111234705,0.0,0.0,19.82309055328369,True,True
full,tfidf_baseline,Baseline,static_tfidf_svd,sklearn_pipeline,hierarchical,20,,0,0,,0,0,euclidean,euclidean,ward,17980,,,0.03358938961443611,3.721756702593826,0.12579385947944569,0.22529370683297137,1.0,20.0,17980.0,0.0,0.0,1.0,80.0,4650.0,899.0,463.5,997.7711160381423,0.25862068965517243,0.25862068965517243,0.0,0.0,19.34450054168701,True,True
full,tfidf_baseline,Baseline,static_tfidf_svd,sklearn_pipeline,hierarchical,25,,0,0,,0,0,euclidean,euclidean,ward,17980,,,0.03342612509675868,3.6426052441490473,0.11639473518873895,0.22529370683297137,1.0,25.0,17980.0,0.0,0.0,1.0,80.0,4406.0,719.2,383.0,822.1088005854212,0.2450500556173526,0.2450500556173526,0.0,0.0,19.977860689163208,True,True
full,tfidf_baseline,Baseline,static_tfidf_svd,sklearn_pipeline,hierarchical,15,,0,0,,0,0,euclidean,euclidean,ward,17980,,,0.03026685360711922,4.133281684270449,0.12048316060310837,0.2766079542138971,1.0,15.0,17980.0,0.0,0.0,1.0,242.0,4975.0,1198.6666666666667,1035.0,1156.3636490693093,0.2766963292547275,0.2766963292547275,0.0,0.0,18.762230396270752,True,True
full,tfidf_baseline,Baseline,static_tfidf_svd,sklearn_pipeline,hierarchical,10,,0,0,,0,0,euclidean,euclidean,ward,17980,,,0.024919987897698774,4.229687600635109,0.09446189213614647,0.2766079542138971,1.0,10.0,17980.0,0.0,0.0,1.0,296.0,6993.0,1798.0,1112.0,1998.805293168897,0.3889321468298109,0.3889321468298109,0.0,0.0,18.967357397079468,True,True
full,tfidf_baseline,Baseline,static_tfidf_svd,sklearn_pipeline,hierarchical,30,,0,0,,0,0,cosine,cosine,average,17980,,,0.008410803325699014,3.1666380829876575,0.09695924438821252,0.08649320273018808,1.0,30.0,17980.0,0.0,0.0,1.0,17.0,7202.0,599.3333333333334,139.5,1341.1732757386555,0.40055617352614015,0.40055617352614015,0.0,0.0,19.9725022315979,True,True
full,tfidf_baseline,Baseline,static_tfidf_svd,sklearn_pipeline,hierarchical,10,,0,0,,0,0,cosine,cosine,average,17980,,,0.0063510055317758125,3.2518167163719185,0.031153100659258977,0.08486288266033447,1.0,10.0,17980.0,0.0,0.0,1.0,37.0,12114.0,1798.0,94.0,3619.987348044189,0.6737486095661847,0.6737486095661847,0.0,0.0,19.380894899368286,True,True
full,tfidf_baseline,Baseline,static_tfidf_svd,sklearn_pipeline,hierarchical,20,,0,0,,0,0,cosine,cosine,average,17980,,,0.0041871292104055,3.2030831885650857,0.06808829351261654,0.08649320273018808,1.0,20.0,17980.0,0.0,0.0,1.0,17.0,9079.0,899.0,141.5,1978.2864554962712,0.5049499443826474,0.5049499443826474,0.0,0.0,19.760646104812622,True,True
full,tfidf_baseline,Baseline,static_tfidf_svd,sklearn_pipeline,hierarchical,25,,0,0,,0,0,cosine,cosine,average,17980,,,0.0024647575721004305,3.1658013712251374,0.07295494990517316,0.08649320273018808,1.0,25.0,17980.0,0.0,0.0,1.0,17.0,8520.0,719.2,136.0,1691.617474490022,0.4738598442714127,0.4738598442714127,0.0,0.0,19.789727449417114,True,True
full,tfidf_baseline,Baseline,static_tfidf_svd,sklearn_pipeline,hierarchical,15,,0,0,,0,0,cosine,cosine,average,17980,,,-0.002996106828139809,3.30279056447887,0.04311177296274138,0.08649320273018808,1.0,15.0,17980.0,0.0,0.0,1.0,37.0,10865.0,1198.6666666666667,128.0,2745.029730662716,0.6042825361512792,0.6042825361512792,0.0,0.0,19.502506971359253,True,True
full,tfidf_var_max_features_15000,Variation: max_features_15000,static_tfidf_svd,sklearn_pipeline,hierarchical,30,,0,0,,0,0,euclidean,euclidean,ward,17980,,,0.03280683930184047,3.5590711321809443,0.12223681371803899,0.20183494908774618,1.0,30.0,17980.0,0.0,0.0,1.0,79.0,3739.0,599.3333333333334,428.5,646.2429539697555,0.20795328142380423,0.20795328142380423,0.0,0.0,19.50744342803955,True,True
full,tfidf_var_max_features_15000,Variation: max_features_15000,static_tfidf_svd,sklearn_pipeline,hierarchical,25,,0,0,,0,0,euclidean,euclidean,ward,17980,,,0.030356798949219707,3.472593896065605,0.11760502715968339,0.20183494908774618,1.0,25.0,17980.0,0.0,0.0,1.0,79.0,4419.0,719.2,434.0,888.096706445869,0.24577308120133481,0.24577308120133481,0.0,0.0,19.648088932037354,True,True
full,tfidf_var_max_features_15000,Variation: max_features_15000,static_tfidf_svd,sklearn_pipeline,hierarchical,15,,0,0,,0,0,euclidean,euclidean,ward,17980,,,0.02982932638552122,3.9886977733373143,0.12133559096965808,0.22749357108394092,1.0,15.0,17980.0,0.0,0.0,1.0,262.0,5036.0,1198.6666666666667,555.0,1218.6108849378002,0.28008898776418245,0.28008898776418245,0.0,0.0,18.984338998794556,True,True
full,tfidf_var_max_features_15000,Variation: max_features_15000,static_tfidf_svd,sklearn_pipeline,hierarchical,20,,0,0,,0,0,euclidean,euclidean,ward,17980,,,0.028660045782348886,3.6785321725777465,0.12099124082151161,0.20253794500575972,1.0,20.0,17980.0,0.0,0.0,1.0,262.0,4721.0,899.0,483.0,1032.0755786278444,0.2625695216907675,0.2625695216907675,0.0,0.0,19.336323261260986,True,True
full,tfidf_var_max_features_15000,Variation: max_features_15000,static_tfidf_svd,sklearn_pipeline,hierarchical,10,,0,0,,0,0,euclidean,euclidean,ward,17980,,,0.026280697457559087,4.441950109064691,0.11444296514567102,0.23317026657243559,1.0,10.0,17980.0,0.0,0.0,1.0,395.0,5459.0,1798.0,1208.0,1681.922233636264,0.303615127919911,0.303615127919911,0.0,0.0,18.65791082382202,True,True
full,tfidf_var_max_features_15000,Variation: max_features_15000,static_tfidf_svd,sklearn_pipeline,hierarchical,15,,0,0,,0,0,cosine,cosine,average,17980,,,0.016501332607197477,3.429909800287889,0.055873381728567664,0.08977370189251345,1.0,15.0,17980.0,0.0,0.0,1.0,40.0,9804.0,1198.6666666666667,163.0,2408.0265963832067,0.5452725250278087,0.5452725250278087,0.0,0.0,19.480197191238403,True,True
full,tfidf_var_max_features_15000,Variation: max_features_15000,static_tfidf_svd,sklearn_pipeline,hierarchical,20,,0,0,,0,0,cosine,cosine,average,17980,,,0.014570665007203276,3.3383820390094656,0.08542082576099397,0.08977370189251345,1.0,20.0,17980.0,0.0,0.0,1.0,24.0,7884.0,899.0,182.0,1745.691410301374,0.4384872080088988,0.4384872080088988,0.0,0.0,19.416775465011597,True,True
full,tfidf_var_max_features_15000,Variation: max_features_15000,static_tfidf_svd,sklearn_pipeline,hierarchical,30,,0,0,,0,0,cosine,cosine,average,17980,,,0.007873285851733858,3.207979821629649,0.09463239927909678,0.08977370189251345,1.0,30.0,17980.0,0.0,0.0,1.0,24.0,7199.0,599.3333333333334,166.5,1327.92583460908,0.4003893214682981,0.4003893214682981,0.0,0.0,19.80200719833374,True,True
full,tfidf_var_max_features_15000,Variation: max_features_15000,static_tfidf_svd,sklearn_pipeline,hierarchical,25,,0,0,,0,0,cosine,cosine,average,17980,,,0.007412272298565663,3.2523062426214504,0.08903038295201665,0.08977370189251345,1.0,25.0,17980.0,0.0,0.0,1.0,24.0,7547.0,719.2,163.0,1517.026301683659,0.41974416017797556,0.41974416017797556,0.0,0.0,19.490846633911133,True,True
full,tfidf_var_max_features_15000,Variation: max_features_15000,static_tfidf_svd,sklearn_pipeline,hierarchical,10,,0,0,,0,0,cosine,cosine,average,17980,,,0.006164144504001161,3.412593141916593,0.0321626719160459,0.08977370189251345,1.0,10.0,17980.0,0.0,0.0,1.0,40.0,11967.0,1798.0,87.5,3580.484240993109,0.6655728587319244,0.6655728587319244,0.0,0.0,19.31749200820923,True,True
full,tfidf_var_max_features_5000,Variation: max_features_5000,static_tfidf_svd,sklearn_pipeline,hierarchical,30,,0,0,,0,0,euclidean,euclidean,ward,17977,,,0.03296359268971643,3.741611830177692,0.1373870609086192,0.20574343020759855,1.0,30.0,17977.0,0.0,0.0,1.0,79.0,2958.0,599.2333333333333,471.5,523.852185470503,0.16454358346776438,0.16454358346776438,0.0,0.0,19.922765970230103,True,True
full,tfidf_var_max_features_5000,Variation: max_features_5000,static_tfidf_svd,sklearn_pipeline,hierarchical,25,,0,0,,0,0,euclidean,euclidean,ward,17977,,,0.027575739335133537,3.7197060313583745,0.1205189477391617,0.20574343020759855,1.0,25.0,17977.0,0.0,0.0,1.0,79.0,3946.0,719.08,432.0,804.1243147673126,0.21950269789175056,0.21950269789175056,0.0,0.0,19.75862693786621,True,True
full,tfidf_var_max_features_5000,Variation: max_features_5000,static_tfidf_svd,sklearn_pipeline,hierarchical,15,,0,0,,0,0,euclidean,euclidean,ward,17977,,,0.026488602959896565,4.344930167001654,0.12816472591995795,0.25970174000596813,1.0,15.0,17977.0,0.0,0.0,1.0,259.0,4411.0,1198.4666666666667,879.0,1141.5576415095686,0.2453690827168048,0.2453690827168048,0.0,0.0,19.066417694091797,True,True
full,tfidf_var_max_features_5000,Variation: max_features_5000,static_tfidf_svd,sklearn_pipeline,hierarchical,10,,0,0,,0,0,euclidean,euclidean,ward,17977,,,0.024420359543104602,4.820805146073253,0.11017705550509056,0.25970174000596813,1.0,10.0,17977.0,0.0,0.0,1.0,516.0,5716.0,1797.7,1163.0,1621.5872501965473,0.31796184012905376,0.31796184012905376,0.0,0.0,18.70086932182312,True,True
full,tfidf_var_max_features_5000,Variation: max_features_5000,static_tfidf_svd,sklearn_pipeline,hierarchical,20,,0,0,,0,0,euclidean,euclidean,ward,17977,,,0.024320126645501722,4.017583827999317,0.11570563786969298,0.20574343020759855,1.0,20.0,17977.0,0.0,0.0,1.0,259.0,4411.0,898.85,537.0,949.7641957349203,0.2453690827168048,0.2453690827168048,0.0,0.0,19.443622589111328,True,True
full,tfidf_var_max_features_5000,Variation: max_features_5000,static_tfidf_svd,sklearn_pipeline,hierarchical,25,,0,0,,0,0,cosine,cosine,average,17977,,,0.012612938876146588,3.4819900883071084,0.09279088483124638,0.08450687904825945,1.0,25.0,17977.0,0.0,0.0,1.0,49.0,7465.0,719.08,153.0,1495.5692941485527,0.41525282305167716,0.41525282305167716,0.0,0.0,19.73911690711975,True,True
full,tfidf_var_max_features_5000,Variation: max_features_5000,static_tfidf_svd,sklearn_pipeline,hierarchical,20,,0,0,,0,0,cosine,cosine,average,17977,,,0.005906494436970352,3.524788859085773,0.0709306711624382,0.08450687904825945,1.0,20.0,17977.0,0.0,0.0,1.0,49.0,8844.0,898.85,151.0,1947.9196409246454,0.49196195138232185,0.49196195138232185,0.0,0.0,19.548656702041626,True,True
full,tfidf_var_max_features_5000,Variation: max_features_5000,static_tfidf_svd,sklearn_pipeline,hierarchical,30,,0,0,,0,0,cosine,cosine,average,17977,,,0.004253123283228538,3.3935846427489404,0.09857765808935727,0.08450687904825945,1.0,30.0,17977.0,0.0,0.0,1.0,32.0,6951.0,599.2333333333333,130.5,1300.7063897060789,0.38666073315903654,0.38666073315903654,0.0,0.0,19.640966176986694,True,True
full,tfidf_var_max_features_5000,Variation: max_features_5000,static_tfidf_svd,sklearn_pipeline,hierarchical,10,,0,0,,0,0,cosine,cosine,average,17977,,,0.0009703168210274642,3.4638029618273753,0.0409773286811859,0.08450687904825945,1.0,10.0,17977.0,0.0,0.0,1.0,51.0,11318.0,1797.7,123.5,3514.9083074811497,0.6295822439784169,0.6295822439784169,0.0,0.0,19.330853939056396,True,True
full,tfidf_var_max_features_5000,Variation: max_features_5000,static_tfidf_svd,sklearn_pipeline,hierarchical,15,,0,0,,0,0,cosine,cosine,average,17977,,,-0.004324799905939534,3.6531485025063124,0.04594515914202959,0.08450687904825945,1.0,15.0,17977.0,0.0,0.0,1.0,51.0,10614.0,1198.4666666666667,153.0,2654.2201834479038,0.590421093619625,0.590421093619625,0.0,0.0,19.383092403411865,True,True
full,tfidf_var_min_df_10,Variation: min_df_10,static_tfidf_svd,sklearn_pipeline,hierarchical,25,,0,0,,0,0,euclidean,euclidean,ward,17980,,,0.03476936378365896,3.61634568464384,0.13537152408811204,0.23739048858095593,1.0,25.0,17980.0,0.0,0.0,1.0,79.0,3331.0,719.2,416.0,753.1463602780007,0.18526140155728588,0.18526140155728588,0.0,0.0,19.74777317047119,True,True
full,tfidf_var_min_df_10,Variation: min_df_10,static_tfidf_svd,sklearn_pipeline,hierarchical,30,,0,0,,0,0,euclidean,euclidean,ward,17980,,,0.031190316314011035,3.5290822321370703,0.12754580850244204,0.23739048858095593,1.0,30.0,17980.0,0.0,0.0,1.0,79.0,3135.0,599.3333333333334,370.0,636.4049200172971,0.17436040044493883,0.17436040044493883,0.0,0.0,19.753395080566406,True,True
full,tfidf_var_min_df_10,Variation: min_df_10,static_tfidf_svd,sklearn_pipeline,hierarchical,20,,0,0,,0,0,euclidean,euclidean,ward,17980,,,0.02989912842498107,3.9236237483447995,0.13757196286734014,0.23739048858095593,1.0,20.0,17980.0,0.0,0.0,1.0,228.0,3628.0,899.0,515.5,849.911642466439,0.2017797552836485,0.2017797552836485,0.0,0.0,19.64597749710083,True,True
full,tfidf_var_min_df_10,Variation: min_df_10,static_tfidf_svd,sklearn_pipeline,hierarchical,15,,0,0,,0,0,euclidean,euclidean,ward,17980,,,0.029734235939362447,4.161667321199041,0.13761243277837362,0.2325885036124852,1.0,15.0,17980.0,0.0,0.0,1.0,228.0,3628.0,1198.6666666666667,548.0,1063.4909601036682,0.2017797552836485,0.2017797552836485,0.0,0.0,19.02685260772705,True,True
full,tfidf_var_min_df_10,Variation: min_df_10,static_tfidf_svd,sklearn_pipeline,hierarchical,10,,0,0,,0,0,euclidean,euclidean,ward,17980,,,0.02619160104906663,4.695797840948744,0.1217398418192536,0.2325885036124852,1.0,10.0,17980.0,0.0,0.0,1.0,456.0,4905.0,1798.0,1398.5,1501.3976821615252,0.2728031145717464,0.2728031145717464,0.0,0.0,18.727994203567505,True,True
full,tfidf_var_min_df_10,Variation: min_df_10,static_tfidf_svd,sklearn_pipeline,hierarchical,30,,0,0,,0,0,cosine,cosine,average,17980,,,0.014936794461288027,3.3430306852386944,0.11261599800938858,0.08752973510770984,1.0,30.0,17980.0,0.0,0.0,1.0,39.0,6098.0,599.3333333333334,137.5,1157.8611699547098,0.33915461624026694,0.33915461624026694,0.0,0.0,19.983116626739502,True,True
full,tfidf_var_min_df_10,Variation: min_df_10,static_tfidf_svd,sklearn_pipeline,hierarchical,20,,0,0,,0,0,cosine,cosine,average,17980,,,0.0133111945766647,3.4022141559012775,0.06710344116074857,0.08752973510770984,1.0,20.0,17980.0,0.0,0.0,1.0,43.0,8879.0,899.0,133.5,1931.186345229274,0.4938264738598443,0.4938264738598443,0.0,0.0,19.74356698989868,True,True
full,tfidf_var_min_df_10,Variation: min_df_10,static_tfidf_svd,sklearn_pipeline,hierarchical,25,,0,0,,0,0,cosine,cosine,average,17980,,,0.004700421877863479,3.417883820236028,0.07272225680960097,0.08752973510770984,1.0,25.0,17980.0,0.0,0.0,1.0,43.0,8280.0,719.2,133.0,1640.0851929091975,0.46051167964404893,0.46051167964404893,0.0,0.0,19.861867666244507,True,True
full,tfidf_var_min_df_10,Variation: min_df_10,static_tfidf_svd,sklearn_pipeline,hierarchical,10,,0,0,,0,0,cosine,cosine,average,17980,,,0.0042687432878328645,3.158046468632954,0.041611517948024986,0.08752973510770984,1.0,10.0,17980.0,0.0,0.0,1.0,43.0,11187.0,1798.0,97.0,3573.2531676331023,0.6221913236929922,0.6221913236929922,0.0,0.0,19.305179119110107,True,True
full,tfidf_var_min_df_10,Variation: min_df_10,static_tfidf_svd,sklearn_pipeline,hierarchical,15,,0,0,,0,0,cosine,cosine,average,17980,,,-0.0008281644402343412,3.3885720311559067,0.04155912605951165,0.08752973510770984,1.0,15.0,17980.0,0.0,0.0,1.0,43.0,10969.0,1198.6666666666667,121.0,2721.861781126212,0.6100667408231368,0.6100667408231368,0.0,0.0,19.74320960044861,True,True
full,tfidf_var_min_df_2,Variation: min_df_2,static_tfidf_svd,sklearn_pipeline,hierarchical,30,,0,0,,0,0,euclidean,euclidean,ward,17980,,,0.032009795388273976,3.4154304626966647,0.11305147765474197,0.22843417183375064,1.0,30.0,17980.0,0.0,0.0,1.0,79.0,4122.0,599.3333333333334,395.5,753.0926606703558,0.2292547274749722,0.2292547274749722,0.0,0.0,19.94289231300354,True,True
full,tfidf_var_min_df_2,Variation: min_df_2,static_tfidf_svd,sklearn_pipeline,hierarchical,25,,0,0,,0,0,euclidean,euclidean,ward,17980,,,0.02962518625225635,3.532856983742184,0.11103601177689389,0.22843417183375064,1.0,25.0,17980.0,0.0,0.0,1.0,79.0,4450.0,719.2,451.0,892.7324795256415,0.2474972191323693,0.2474972191323693,0.0,0.0,19.778133630752563,True,True
full,tfidf_var_min_df_2,Variation: min_df_2,static_tfidf_svd,sklearn_pipeline,hierarchical,15,,0,0,,0,0,euclidean,euclidean,ward,17980,,,0.028496607684258348,4.018024796361931,0.11127247714340535,0.223515862829444,1.0,15.0,17980.0,0.0,0.0,1.0,210.0,4738.0,1198.6666666666667,512.0,1361.7497893845582,0.26351501668520577,0.26351501668520577,0.0,0.0,19.303325653076172,True,True
full,tfidf_var_min_df_2,Variation: min_df_2,static_tfidf_svd,sklearn_pipeline,hierarchical,10,,0,0,,0,0,euclidean,euclidean,ward,17980,,,0.027037438621463298,4.402849367963259,0.11023256064897118,0.223515862829444,1.0,10.0,17980.0,0.0,0.0,1.0,324.0,5274.0,1798.0,1384.5,1753.5045480408655,0.2933259176863181,0.2933259176863181,0.0,0.0,18.554247856140137,True,True
full,tfidf_var_min_df_2,Variation: min_df_2,static_tfidf_svd,sklearn_pipeline,hierarchical,20,,0,0,,0,0,euclidean,euclidean,ward,17980,,,0.02691266354441163,3.7518797823256262,0.11523738382983299,0.22843417183375064,1.0,20.0,17980.0,0.0,0.0,1.0,210.0,4450.0,899.0,486.5,1115.9119588928152,0.2474972191323693,0.2474972191323693,0.0,0.0,19.488176345825195,True,True
full,tfidf_var_min_df_2,Variation: min_df_2,static_tfidf_svd,sklearn_pipeline,hierarchical,30,,0,0,,0,0,cosine,cosine,average,17980,,,0.01785816868175047,3.2110381318958594,0.09326025737563443,0.08322859397441902,1.0,30.0,17980.0,0.0,0.0,1.0,40.0,7070.0,599.3333333333334,156.5,1294.208672853373,0.3932146829810901,0.3932146829810901,0.0,0.0,19.89868688583374,True,True
full,tfidf_var_min_df_2,Variation: min_df_2,static_tfidf_svd,sklearn_pipeline,hierarchical,20,,0,0,,0,0,cosine,cosine,average,17980,,,0.014057401717666356,3.2905828078137267,0.07204609951327463,0.08322859397441902,1.0,20.0,17980.0,0.0,0.0,1.0,40.0,8801.0,899.0,179.5,1917.9353482325728,0.4894883203559511,0.4894883203559511,0.0,0.0,21.118630409240723,True,True
full,tfidf_var_min_df_2,Variation: min_df_2,static_tfidf_svd,sklearn_pipeline,hierarchical,10,,0,0,,0,0,cosine,cosine,average,17980,,,0.011795107601581057,3.3836685715474646,0.03402002911586789,0.08322859397441902,1.0,10.0,17980.0,0.0,0.0,1.0,40.0,11784.0,1798.0,85.0,3546.124842698012,0.6553948832035595,0.6553948832035595,0.0,0.0,19.232671976089478,True,True
full,tfidf_var_min_df_2,Variation: min_df_2,static_tfidf_svd,sklearn_pipeline,hierarchical,25,,0,0,,0,0,cosine,cosine,average,17980,,,0.007499718070577342,3.2530533106630735,0.07676497819807407,0.08322859397441902,1.0,25.0,17980.0,0.0,0.0,1.0,40.0,8241.0,719.2,149.0,1638.0744061244593,0.4583426028921023,0.4583426028921023,0.0,0.0,19.718648195266724,True,True
full,tfidf_var_min_df_2,Variation: min_df_2,static_tfidf_svd,sklearn_pipeline,hierarchical,15,,0,0,,0,0,cosine,cosine,average,17980,,,-0.004075149917475122,3.2724879638402427,0.04420683269532684,0.08322859397441902,1.0,15.0,17980.0,0.0,0.0,1.0,40.0,10722.0,1198.6666666666667,99.0,2745.5807319318724,0.596329254727475,0.596329254727475,0.0,0.0,19.369382619857788,True,True
full,tfidf_var_min_df_20,Variation: min_df_20,static_tfidf_svd,sklearn_pipeline,hierarchical,30,,0,0,,0,0,euclidean,euclidean,ward,17979,,,0.03788093326286627,3.6973089584406043,0.1511608965773469,0.27519765912588795,1.0,30.0,17979.0,0.0,0.0,1.0,80.0,2743.0,599.3,419.0,505.3964219633271,0.15256688358640635,0.15256688358640635,0.0,0.0,21.33818221092224,True,True
full,tfidf_var_min_df_20,Variation: min_df_20,static_tfidf_svd,sklearn_pipeline,hierarchical,25,,0,0,,0,0,euclidean,euclidean,ward,17979,,,0.03450456232695149,3.6858071047805656,0.12158333856950475,0.27519765912588795,1.0,25.0,17979.0,0.0,0.0,1.0,80.0,3972.0,719.16,436.0,810.1102482995756,0.22092441181378275,0.22092441181378275,0.0,0.0,21.429588079452515,True,True
full,tfidf_var_min_df_20,Variation: min_df_20,static_tfidf_svd,sklearn_pipeline,hierarchical,15,,0,0,,0,0,euclidean,euclidean,ward,17979,,,0.031353852258736804,3.841947704120789,0.11184790761706517,0.27578237630787616,1.0,15.0,17979.0,0.0,0.0,1.0,240.0,5533.0,1198.6,537.0,1402.8264230949362,0.3077479281383837,0.3077479281383837,0.0,0.0,20.569448947906494,True,True
full,tfidf_var_min_df_20,Variation: min_df_20,static_tfidf_svd,sklearn_pipeline,hierarchical,20,,0,0,,0,0,euclidean,euclidean,ward,17979,,,0.02939336713099346,3.73336710157852,0.1062029052487382,0.27519765912588795,1.0,20.0,17979.0,0.0,0.0,1.0,240.0,5189.0,898.95,511.0,1131.414887430778,0.2886144946882474,0.2886144946882474,0.0,0.0,20.993101119995117,True,True
full,tfidf_var_min_df_20,Variation: min_df_20,static_tfidf_svd,sklearn_pipeline,hierarchical,10,,0,0,,0,0,euclidean,euclidean,ward,17979,,,0.027217196900212258,4.131979765982898,0.1011411299986831,0.27578237630787616,1.0,10.0,17979.0,0.0,0.0,1.0,320.0,5937.0,1797.9,985.5,2005.6604124327728,0.3302185883530786,0.3302185883530786,0.0,0.0,19.567956686019897,True,True
full,tfidf_var_min_df_20,Variation: min_df_20,static_tfidf_svd,sklearn_pipeline,hierarchical,25,,0,0,,0,0,cosine,cosine,average,17979,,,0.01763020471682198,3.4127236040812754,0.09446750072222068,0.0853636514506423,1.0,25.0,17979.0,0.0,0.0,1.0,37.0,7115.0,719.16,157.0,1453.6142729073624,0.3957394738305801,0.3957394738305801,0.0,0.0,21.402963399887085,True,True
full,tfidf_var_min_df_20,Variation: min_df_20,static_tfidf_svd,sklearn_pipeline,hierarchical,20,,0,0,,0,0,cosine,cosine,average,17979,,,0.01619090905558905,3.296552243539499,0.08214802515159302,0.0853636514506423,1.0,20.0,17979.0,0.0,0.0,1.0,37.0,8085.0,898.95,109.0,1795.5860735425633,0.4496913065242783,0.4496913065242783,0.0,0.0,21.134079217910767,True,True
full,tfidf_var_min_df_20,Variation: min_df_20,static_tfidf_svd,sklearn_pipeline,hierarchical,30,,0,0,,0,0,cosine,cosine,average,17979,,,0.012510943244949738,3.313191762466537,0.09668695101025299,0.0853636514506423,1.0,30.0,17979.0,0.0,0.0,1.0,9.0,7040.0,599.3,146.5,1306.1470348573575,0.3915679403748818,0.3915679403748818,0.0,0.0,22.23397397994995,True,True
full,tfidf_var_min_df_20,Variation: min_df_20,static_tfidf_svd,sklearn_pipeline,hierarchical,10,,0,0,,0,0,cosine,cosine,average,17979,,,0.01182269208906191,3.230784498921698,0.036799204328849026,0.0853636514506423,1.0,10.0,17979.0,0.0,0.0,1.0,37.0,11530.0,1797.9,92.5,3577.6025058689793,0.6413037432560209,0.6413037432560209,0.0,0.0,19.585854053497314,True,True
full,tfidf_var_min_df_20,Variation: min_df_20,static_tfidf_svd,sklearn_pipeline,hierarchical,15,,0,0,,0,0,cosine,cosine,average,17979,,,-0.0085325954990808,3.122295438912844,0.03499744560167874,0.0853636514506423,1.0,15.0,17979.0,0.0,0.0,1.0,37.0,11471.0,1198.6,84.0,2924.654026262479,0.6380221369375383,0.6380221369375383,0.0,0.0,21.435852527618408,True,True
full,tfidf_var_n_components_200,Variation: n_components_200,static_tfidf_svd,sklearn_pipeline,hierarchical,30,,0,0,,0,0,euclidean,euclidean,ward,17980,,,0.017010054354809553,4.465403907807404,0.1056235998830427,0.34778566470539557,1.0,30.0,17980.0,0.0,0.0,1.0,71.0,4150.0,599.3333333333334,349.5,772.949603071823,0.23081201334816462,0.23081201334816462,0.0,0.0,35.54907751083374,True,True
full,tfidf_var_n_components_200,Variation: n_components_200,static_tfidf_svd,sklearn_pipeline,hierarchical,15,,0,0,,0,0,euclidean,euclidean,ward,17980,,,0.016066677943033618,4.941969303301297,0.12031643449580404,0.35620572782525184,1.0,15.0,17980.0,0.0,0.0,1.0,77.0,4221.0,1198.6666666666667,481.0,1326.8684771127676,0.23476084538375974,0.23476084538375974,0.0,0.0,34.779195070266724,True,True
full,tfidf_var_n_components_200,Variation: n_components_200,static_tfidf_svd,sklearn_pipeline,hierarchical,25,,0,0,,0,0,euclidean,euclidean,ward,17980,,,0.015422396695316089,4.6180079963711735,0.1087745281804872,0.34778566470539557,1.0,25.0,17980.0,0.0,0.0,1.0,77.0,4221.0,719.2,352.0,876.2353108611863,0.23476084538375974,0.23476084538375974,0.0,0.0,35.2617928981781,True,True
full,tfidf_var_n_components_200,Variation: n_components_200,static_tfidf_svd,sklearn_pipeline,hierarchical,20,,0,0,,0,0,euclidean,euclidean,ward,17980,,,0.015283295833455572,4.831672772767993,0.11447558187877105,0.34778566470539557,1.0,20.0,17980.0,0.0,0.0,1.0,77.0,4221.0,899.0,450.0,989.8818111269647,0.23476084538375974,0.23476084538375974,0.0,0.0,35.08356428146362,True,True
full,tfidf_var_n_components_200,Variation: n_components_200,static_tfidf_svd,sklearn_pipeline,hierarchical,10,,0,0,,0,0,euclidean,euclidean,ward,17980,,,0.013263835980821754,5.755941817023702,0.12233495300206726,0.36502547884594916,1.0,10.0,17980.0,0.0,0.0,1.0,186.0,4930.0,1798.0,1107.5,1554.4828078817725,0.27419354838709675,0.27419354838709675,0.0,0.0,34.4974479675293,True,True
full,tfidf_var_n_components_200,Variation: n_components_200,static_tfidf_svd,sklearn_pipeline,hierarchical,10,,0,0,,0,0,cosine,cosine,average,17980,,,0.004493390133310675,3.442707095443969,0.040600707077033775,0.13292642922553813,1.0,10.0,17980.0,0.0,0.0,1.0,30.0,11538.0,1798.0,63.0,3701.2562461953376,0.6417130144605117,0.6417130144605117,0.0,0.0,29.61333680152893,True,True
full,tfidf_var_n_components_200,Variation: n_components_200,static_tfidf_svd,sklearn_pipeline,hierarchical,15,,0,0,,0,0,cosine,cosine,average,17980,,,-0.0035231320422310355,3.766259567881896,0.04391289400178,0.13292642922553813,1.0,15.0,17980.0,0.0,0.0,1.0,30.0,10960.0,1198.6666666666667,75.0,2921.8192886548536,0.6095661846496107,0.6095661846496107,0.0,0.0,29.792500257492065,True,True
full,tfidf_var_n_components_200,Variation: n_components_200,static_tfidf_svd,sklearn_pipeline,hierarchical,30,,0,0,,0,0,cosine,cosine,average,17980,,,-0.009368130794729613,3.8702192560885402,0.07334291006507494,0.13292642922553813,1.0,30.0,17980.0,0.0,0.0,1.0,13.0,8381.0,599.3333333333334,80.0,1645.5733820026244,0.4661290322580645,0.4661290322580645,0.0,0.0,29.740533351898193,True,True
full,tfidf_var_n_components_200,Variation: n_components_200,static_tfidf_svd,sklearn_pipeline,hierarchical,25,,0,0,,0,0,cosine,cosine,average,17980,,,-0.0147329128215963,3.902788116345643,0.047034668340002535,0.13292642922553813,1.0,25.0,17980.0,0.0,0.0,1.0,30.0,10179.0,719.2,75.0,2108.086222145574,0.5661290322580645,0.5661290322580645,0.0,0.0,30.269023656845093,True,True
full,tfidf_var_n_components_200,Variation: n_components_200,static_tfidf_svd,sklearn_pipeline,hierarchical,20,,0,0,,0,0,cosine,cosine,average,17980,,,-0.015364769269236151,3.690459922574245,0.04519116989909567,0.13292642922553813,1.0,20.0,17980.0,0.0,0.0,1.0,30.0,10710.0,899.0,74.0,2529.513708205591,0.5956618464961068,0.5956618464961068,0.0,0.0,29.921438455581665,True,True
full,tfidf_var_n_components_50,Variation: n_components_50,static_tfidf_svd,sklearn_pipeline,hierarchical,20,,0,0,,0,0,cosine,cosine,average,17980,,,0.07719499194830914,2.8312548139689317,0.13174033151727907,0.05647132753167166,1.0,20.0,17980.0,0.0,0.0,1.0,87.0,6181.0,899.0,600.0,1287.3884417688394,0.34377085650723027,0.34377085650723027,0.0,0.0,17.21652054786682,True,True
full,tfidf_var_n_components_50,Variation: n_components_50,static_tfidf_svd,sklearn_pipeline,hierarchical,10,,0,0,,0,0,cosine,cosine,average,17980,,,0.07666358019828119,3.090446607711688,0.08297020434606668,0.05647132753167166,1.0,10.0,17980.0,0.0,0.0,1.0,87.0,8729.0,1798.0,1385.5,2403.0161880436845,0.4854838709677419,0.4854838709677419,0.0,0.0,16.56297016143799,True,True
full,tfidf_var_n_components_50,Variation: n_components_50,static_tfidf_svd,sklearn_pipeline,hierarchical,25,,0,0,,0,0,cosine,cosine,average,17980,,,0.07455033509086748,2.8062050460356844,0.15281597213038972,0.05647132753167166,1.0,25.0,17980.0,0.0,0.0,1.0,87.0,5269.0,719.2,393.0,1005.8253128650124,0.29304783092324804,0.29304783092324804,0.0,0.0,17.428465366363525,True,True
full,tfidf_var_n_components_50,Variation: n_components_50,static_tfidf_svd,sklearn_pipeline,hierarchical,30,,0,0,,0,0,cosine,cosine,average,17980,,,0.07368551497769366,2.653706831668503,0.15720174401025672,0.05647132753167166,1.0,30.0,17980.0,0.0,0.0,1.0,71.0,5095.0,599.3333333333334,344.5,914.5284516563106,0.28337041156840936,0.28337041156840936,0.0,0.0,17.452536821365356,True,True
full,tfidf_var_n_components_50,Variation: n_components_50,static_tfidf_svd,sklearn_pipeline,hierarchical,15,,0,0,,0,0,cosine,cosine,average,17980,,,0.07027612302062196,2.9267866659214303,0.11843555358011565,0.05647132753167166,1.0,15.0,17980.0,0.0,0.0,1.0,87.0,6805.0,1198.6666666666667,577.0,1624.626835785854,0.378476084538376,0.378476084538376,0.0,0.0,16.949963331222534,True,True
full,tfidf_var_n_components_50,Variation: n_components_50,static_tfidf_svd,sklearn_pipeline,hierarchical,30,,0,0,,0,0,euclidean,euclidean,ward,17980,,,0.06929582319150504,2.8324867139324548,0.17569939788059552,0.17454998610348016,1.0,30.0,17980.0,0.0,0.0,1.0,87.0,1822.0,599.3333333333334,495.5,386.24468353047337,0.10133481646273637,0.10133481646273637,0.0,0.0,17.326886415481567,True,True
full,tfidf_var_n_components_50,Variation: n_components_50,static_tfidf_svd,sklearn_pipeline,hierarchical,25,,0,0,,0,0,euclidean,euclidean,ward,17980,,,0.060158220669223016,2.9741449617776743,0.17483133095691955,0.17454998610348016,1.0,25.0,17980.0,0.0,0.0,1.0,211.0,1879.0,719.2,502.0,499.050859131612,0.10450500556173527,0.10450500556173527,0.0,0.0,17.805269241333008,True,True
full,tfidf_var_n_components_50,Variation: n_components_50,static_tfidf_svd,sklearn_pipeline,hierarchical,15,,0,0,,0,0,euclidean,euclidean,ward,17980,,,0.055313527517529985,3.2897866752633647,0.16973561023511782,0.18784844411074783,1.0,15.0,17980.0,0.0,0.0,1.0,443.0,3360.0,1198.6666666666667,554.0,896.5486911236644,0.18687430478309233,0.18687430478309233,0.0,0.0,16.610936641693115,True,True
full,tfidf_var_n_components_50,Variation: n_components_50,static_tfidf_svd,sklearn_pipeline,hierarchical,20,,0,0,,0,0,euclidean,euclidean,ward,17980,,,0.053140844455704425,3.1107815638298857,0.16213231703914363,0.17454998610348016,1.0,20.0,17980.0,0.0,0.0,1.0,370.0,2959.0,899.0,518.0,691.5711098650665,0.16457174638487207,0.16457174638487207,0.0,0.0,16.928624629974365,True,True
full,tfidf_var_n_components_50,Variation: n_components_50,static_tfidf_svd,sklearn_pipeline,hierarchical,10,,0,0,,0,0,euclidean,euclidean,ward,17980,,,0.049776681353939325,3.7145037224531636,0.15298263569481443,0.18784844411074783,1.0,10.0,17980.0,0.0,0.0,1.0,546.0,3851.0,1798.0,1647.0,1088.3723627509107,0.21418242491657397,0.21418242491657397,0.0,0.0,16.009761095046997,True,True
full,tfidf_var_ngram_range_[1_1],Variation: ngram_range_[1_1],static_tfidf_svd,sklearn_pipeline,hierarchical,30,,0,0,,0,0,euclidean,euclidean,ward,17980,,,0.0325963843833707,3.725169710488844,0.13945888033025428,0.21428688873596113,1.0,30.0,17980.0,0.0,0.0,1.0,84.0,3159.0,599.3333333333334,432.0,567.8861583881834,0.1756952169076752,0.1756952169076752,0.0,0.0,19.745985507965088,True,True
full,tfidf_var_ngram_range_[1_1],Variation: ngram_range_[1_1],static_tfidf_svd,sklearn_pipeline,hierarchical,25,,0,0,,0,0,euclidean,euclidean,ward,17980,,,0.02825753387058214,3.6695223440319205,0.12730736936159395,0.21428688873596113,1.0,25.0,17980.0,0.0,0.0,1.0,84.0,3414.0,719.2,423.0,816.7478435845424,0.18987764182424915,0.18987764182424915,0.0,0.0,19.706092834472656,True,True
full,tfidf_var_ngram_range_[1_1],Variation: ngram_range_[1_1],static_tfidf_svd,sklearn_pipeline,hierarchical,15,,0,0,,0,0,euclidean,euclidean,ward,17980,,,0.026248094750873103,4.422615723119639,0.1474382230319951,0.2088743415931478,1.0,15.0,17980.0,0.0,0.0,1.0,363.0,3500.0,1198.6666666666667,639.0,994.279214082018,0.1946607341490545,0.1946607341490545,0.0,0.0,18.785964727401733,True,True
full,tfidf_var_ngram_range_[1_1],Variation: ngram_range_[1_1],static_tfidf_svd,sklearn_pipeline,hierarchical,10,,0,0,,0,0,euclidean,euclidean,ward,17980,,,0.026234891899083568,4.8009442255854,0.12146103530469238,0.2937194946971487,1.0,10.0,17980.0,0.0,0.0,1.0,553.0,5310.0,1798.0,1241.0,1558.1370928130812,0.2953281423804227,0.2953281423804227,0.0,0.0,18.694966316223145,True,True
full,tfidf_var_ngram_range_[1_1],Variation: ngram_range_[1_1],static_tfidf_svd,sklearn_pipeline,hierarchical,20,,0,0,,0,0,euclidean,euclidean,ward,17980,,,0.024358026464700654,3.926188252699472,0.1277204721146517,0.21428688873596113,1.0,20.0,17980.0,0.0,0.0,1.0,302.0,3500.0,899.0,481.0,929.3079145256431,0.1946607341490545,0.1946607341490545,0.0,0.0,19.375890731811523,True,True
full,tfidf_var_ngram_range_[1_1],Variation: ngram_range_[1_1],static_tfidf_svd,sklearn_pipeline,hierarchical,15,,0,0,,0,0,cosine,cosine,average,17980,,,0.010048210188940594,3.6593034606946144,0.05854926708284455,0.0870694960052274,1.0,15.0,17980.0,0.0,0.0,1.0,57.0,9890.0,1198.6666666666667,153.0,2435.2275093350563,0.550055617352614,0.550055617352614,0.0,0.0,19.413039684295654,True,True
full,tfidf_var_ngram_range_[1_1],Variation: ngram_range_[1_1],static_tfidf_svd,sklearn_pipeline,hierarchical,20,,0,0,,0,0,cosine,cosine,average,17980,,,0.010028784997175428,3.518993878993149,0.09122484433124028,0.0870694960052274,1.0,20.0,17980.0,0.0,0.0,1.0,57.0,7791.0,899.0,147.0,1737.5525891321965,0.43331479421579533,0.43331479421579533,0.0,0.0,19.284353017807007,True,True
full,tfidf_var_ngram_range_[1_1],Variation: ngram_range_[1_1],static_tfidf_svd,sklearn_pipeline,hierarchical,30,,0,0,,0,0,cosine,cosine,average,17980,,,0.005251003300105047,3.4704198285199923,0.0930079978876459,0.0870694960052274,1.0,30.0,17980.0,0.0,0.0,1.0,18.0,7371.0,599.3333333333334,138.5,1349.6658434178769,0.40995550611790876,0.40995550611790876,0.0,0.0,21.33025598526001,True,True
full,tfidf_var_ngram_range_[1_1],Variation: ngram_range_[1_1],static_tfidf_svd,sklearn_pipeline,hierarchical,25,,0,0,,0,0,cosine,cosine,average,17980,,,0.003654964753040718,3.4316868845753548,0.09282312687137305,0.0870694960052274,1.0,25.0,17980.0,0.0,0.0,1.0,44.0,7747.0,719.2,141.0,1558.263007325785,0.43086763070077866,0.43086763070077866,0.0,0.0,19.67187190055847,True,True
full,tfidf_var_ngram_range_[1_1],Variation: ngram_range_[1_1],static_tfidf_svd,sklearn_pipeline,hierarchical,10,,0,0,,0,0,cosine,cosine,average,17980,,,-0.0011238033830056205,3.7554796687817182,0.035291376531258786,0.0870694960052274,1.0,10.0,17980.0,0.0,0.0,1.0,57.0,11745.0,1798.0,138.0,3541.706170760076,0.6532258064516129,0.6532258064516129,0.0,0.0,19.332093000411987,True,True
full,word2vec_proxy_glove,Static proxy (GloVe 300),static,glove-wiki-gigaword-300,hierarchical,10,,0,0,,0,0,euclidean,euclidean,ward,17982,,,0.023663807660341263,3.719017599226093,0.16428502452762317,0.12657954812244485,1.0,10.0,17982.0,0.0,0.0,1.0,410.0,4536.0,1798.2,1470.0,1357.3414308861277,0.25225225225225223,0.25225225225225223,0.0,0.0,44.045021057128906,True,True
full,word2vec_proxy_glove,Static proxy (GloVe 300),static,glove-wiki-gigaword-300,hierarchical,15,,0,0,,0,0,euclidean,euclidean,ward,17982,,,0.0065621500834822655,3.8470219641070704,0.1928025156644323,0.13206335731210556,1.0,15.0,17982.0,0.0,0.0,1.0,196.0,2732.0,1198.8,1288.0,756.8936693265882,0.15192970748526305,0.15192970748526305,0.0,0.0,44.24043154716492,True,True
full,word2vec_proxy_glove,Static proxy (GloVe 300),static,glove-wiki-gigaword-300,hierarchical,20,,0,0,,0,0,euclidean,euclidean,ward,17982,,,-0.009780537337064743,4.142170473262633,0.2063285832890099,0.11965802545118083,1.0,20.0,17982.0,0.0,0.0,1.0,196.0,1517.0,899.1,933.5,405.3613079710495,0.08436213991769548,0.08436213991769548,0.0,0.0,44.75023794174194,True,True
full,word2vec_proxy_glove,Static proxy (GloVe 300),static,glove-wiki-gigaword-300,hierarchical,25,,0,0,,0,0,euclidean,euclidean,ward,17982,,,-0.012108380906283855,4.087177487835428,0.20659169425466803,0.11965802545118083,1.0,25.0,17982.0,0.0,0.0,1.0,196.0,1514.0,719.28,642.0,338.1092746435685,0.08419530641752863,0.08419530641752863,0.0,0.0,44.92360997200012,True,True
full,word2vec_proxy_glove,Static proxy (GloVe 300),static,glove-wiki-gigaword-300,hierarchical,30,,0,0,,0,0,euclidean,euclidean,ward,17982,,,-0.015796655789017677,4.0253045041607685,0.20186652111039335,0.11965802545118083,1.0,30.0,17982.0,0.0,0.0,1.0,41.0,1215.0,599.4,570.0,291.3861813241436,0.06756756756756757,0.06756756756756757,0.0,0.0,44.4997341632843,True,True
full,fasttext,fastText wiki-news 300,static,fasttext-wiki-news-subwords-300,kmeans,15,,0,0,,10,300,,euclidean,,17982,,,0.021023966372013092,3.347800732280752,0.12517959005227502,0.022805301753202965,1.0,15.0,17982.0,0.0,0.0,1.0,79.0,2499.0,1198.8,1064.0,642.2698498294934,0.1389723056389723,0.1389723056389723,0.0,0.0,9.586001634597778,True,True
full,fasttext,fastText wiki-news 300,static,fasttext-wiki-news-subwords-300,kmeans,10,,0,0,,10,300,,euclidean,,17982,,,0.02034265175461769,3.325837378149045,0.11272538273814403,0.02763035998141177,1.0,10.0,17982.0,0.0,0.0,1.0,334.0,3105.0,1798.2,1790.5,793.0417139091738,0.17267267267267267,0.17267267267267267,0.0,0.0,8.965259313583374,True,True
full,fasttext,fastText wiki-news 300,static,fasttext-wiki-news-subwords-300,kmeans,20,,0,0,,10,300,,euclidean,,17982,,,0.011719383299350739,3.344491311043143,0.14732316816099628,0.03890292200494493,1.0,20.0,17982.0,0.0,0.0,1.0,77.0,1493.0,899.1,882.0,405.04603442078036,0.08302747191636081,0.08302747191636081,0.0,0.0,11.08958101272583,True,True
full,fasttext,fastText wiki-news 300,static,fasttext-wiki-news-subwords-300,kmeans,25,,0,0,,10,300,,euclidean,,17982,,,0.0077723488211631775,3.430103875642534,0.14437807775844227,0.00906468447965835,1.0,25.0,17982.0,0.0,0.0,1.0,43.0,1354.0,719.28,622.0,341.75892321927745,0.07529751974196419,0.07529751974196419,0.0,0.0,11.719137907028198,True,True
full,fasttext,fastText wiki-news 300,static,fasttext-wiki-news-subwords-300,kmeans,30,,0,0,,10,300,,euclidean,,17982,,,0.006033224519342184,3.422473329269807,0.1435941266687768,0.04986311530681052,1.0,30.0,17982.0,0.0,0.0,1.0,53.0,1295.0,599.4,572.0,269.3666151053863,0.0720164609053498,0.0720164609053498,0.0,0.0,12.54594612121582,True,True
full,sbert,SBERT MiniLM-L6-v2,transformer,sentence-transformers/all-MiniLM-L6-v2,kmeans,10,,0,0,,10,300,,euclidean,,17986,,,0.03585391491651535,4.747578723724252,0.30362122475038594,0.09491199920304544,1.0,10.0,17986.0,0.0,0.0,1.0,868.0,2368.0,1798.6,1882.0,455.4556399914266,0.13165795618814632,0.13165795618814632,0.0,0.0,10.862421751022339,True,True
full,sbert,SBERT MiniLM-L6-v2,transformer,sentence-transformers/all-MiniLM-L6-v2,kmeans,25,,0,0,,10,300,,euclidean,,17986,,,0.034187547862529755,4.184970729896962,0.37326099094620363,0.06573472699642527,1.0,25.0,17986.0,0.0,0.0,1.0,253.0,1224.0,719.44,747.0,226.7553889106056,0.06805293005671077,0.06805293005671077,0.0,0.0,12.879241943359375,True,True
full,sbert,SBERT MiniLM-L6-v2,transformer,sentence-transformers/all-MiniLM-L6-v2,kmeans,15,,0,0,,10,300,,euclidean,,17986,,,0.03401116654276848,4.543363340192601,0.35963519549496104,0.115897236259166,1.0,15.0,17986.0,0.0,0.0,1.0,656.0,1721.0,1199.0666666666666,1060.0,357.19377871899667,0.09568553319248305,0.09568553319248305,0.0,0.0,11.165053367614746,True,True
full,sbert,SBERT MiniLM-L6-v2,transformer,sentence-transformers/all-MiniLM-L6-v2,kmeans,20,,0,0,,10,300,,euclidean,,17986,,,0.03393160179257393,4.45190937045498,0.3884742871312199,0.06544223214164331,1.0,20.0,17986.0,0.0,0.0,1.0,630.0,1321.0,899.3,897.0,187.83985200164528,0.07344601356610697,0.07344601356610697,0.0,0.0,11.117123126983643,True,True
full,sbert,SBERT MiniLM-L6-v2,transformer,sentence-transformers/all-MiniLM-L6-v2,kmeans,30,,0,0,,10,300,,euclidean,,17986,,,0.032152023166418076,4.29510893263974,0.35420094915375006,0.06633188155422153,1.0,30.0,17986.0,0.0,0.0,1.0,268.0,1075.0,599.5333333333333,600.0,174.3201524653864,0.05976870899588569,0.05976870899588569,0.0,0.0,13.473199129104614,True,True
full,tfidf_baseline,Baseline,static_tfidf_svd,sklearn_pipeline,kmeans,30,,0,0,,10,300,,euclidean,,17980,,,0.06616128809329862,3.4312799123461972,0.22677449095506078,0.046751549844983024,1.0,30.0,17980.0,0.0,0.0,1.0,223.0,1943.0,599.3333333333334,528.5,301.6483972368419,0.10806451612903226,0.10806451612903226,0.0,0.0,10.970143556594849,True,True
full,tfidf_baseline,Baseline,static_tfidf_svd,sklearn_pipeline,kmeans,25,,0,0,,10,300,,euclidean,,17980,,,0.06320891974187895,3.5120569155059265,0.2153491979279744,0.0520857385964805,1.0,25.0,17980.0,0.0,0.0,1.0,253.0,2502.0,719.2,563.0,440.67802305084376,0.13915461624026695,0.13915461624026695,0.0,0.0,11.190861463546753,True,True
full,tfidf_baseline,Baseline,static_tfidf_svd,sklearn_pipeline,kmeans,20,,0,0,,10,300,,euclidean,,17980,,,0.05791031527115955,3.7272085887993898,0.2362124878430265,0.051219082557475135,1.0,20.0,17980.0,0.0,0.0,1.0,433.0,2921.0,899.0,712.5,531.1118526261677,0.1624582869855395,0.1624582869855395,0.0,0.0,10.42323923110962,True,True
full,tfidf_baseline,Baseline,static_tfidf_svd,sklearn_pipeline,kmeans,15,,0,0,,10,300,,euclidean,,17980,,,0.05491150920314238,3.928731378328237,0.21106781298359292,0.09194552242761052,1.0,15.0,17980.0,0.0,0.0,1.0,455.0,3991.0,1198.6666666666667,914.0,870.2771716847201,0.22196885428253615,0.22196885428253615,0.0,0.0,9.568422317504883,True,True
full,tfidf_baseline,Baseline,static_tfidf_svd,sklearn_pipeline,kmeans,10,,0,0,,10,300,,euclidean,,17980,,,0.04477517073850172,4.352730116250102,0.20859015929262562,0.0928245140178784,1.0,10.0,17980.0,0.0,0.0,1.0,598.0,3396.0,1798.0,1590.0,827.3908387213385,0.18887652947719688,0.18887652947719688,0.0,0.0,8.541316509246826,True,True
full,tfidf_var_max_features_15000,Variation: max_features_15000,static_tfidf_svd,sklearn_pipeline,kmeans,30,,0,0,,10,300,,euclidean,,17980,,,0.06806039334647032,3.4097744793409572,0.22126344576421328,0.08020767222573993,1.0,30.0,17980.0,0.0,0.0,1.0,260.0,2235.0,599.3333333333334,533.0,338.86136135921754,0.1243047830923248,0.1243047830923248,0.0,0.0,11.463693857192993,True,True
full,tfidf_var_max_features_15000,Variation: max_features_15000,static_tfidf_svd,sklearn_pipeline,kmeans,25,,0,0,,10,300,,euclidean,,17980,,,0.0638919190618495,3.4554604775207536,0.20854067639025023,0.08020767222573993,1.0,25.0,17980.0,0.0,0.0,1.0,259.0,3126.0,719.2,587.0,530.9568720715461,0.17385984427141268,0.17385984427141268,0.0,0.0,12.611240148544312,True,True
full,tfidf_var_max_features_15000,Variation: max_features_15000,static_tfidf_svd,sklearn_pipeline,kmeans,20,,0,0,,10,300,,euclidean,,17980,,,0.057909434184299655,3.625976228369975,0.22000814528792653,0.05221852558589738,1.0,20.0,17980.0,0.0,0.0,1.0,260.0,3275.0,899.0,658.0,640.1349857647214,0.182146829810901,0.182146829810901,0.0,0.0,10.01267123222351,True,True
full,tfidf_var_max_features_15000,Variation: max_features_15000,static_tfidf_svd,sklearn_pipeline,kmeans,15,,0,0,,10,300,,euclidean,,17980,,,0.053443000043058686,3.8960700698074056,0.20781892107735223,0.050668761281332325,1.0,15.0,17980.0,0.0,0.0,1.0,451.0,4067.0,1198.6666666666667,719.0,931.0060269526842,0.22619577308120134,0.22619577308120134,0.0,0.0,9.596098184585571,True,True
full,tfidf_var_max_features_15000,Variation: max_features_15000,static_tfidf_svd,sklearn_pipeline,kmeans,10,,0,0,,10,300,,euclidean,,17980,,,0.045665366712922026,4.240847372588968,0.21231270242100647,0.07399526713091613,1.0,10.0,17980.0,0.0,0.0,1.0,584.0,3993.0,1798.0,1665.5,952.964007714877,0.22208008898776418,0.22208008898776418,0.0,0.0,8.29428243637085,True,True
full,tfidf_var_max_features_5000,Variation: max_features_5000,static_tfidf_svd,sklearn_pipeline,kmeans,30,,0,0,,10,300,,euclidean,,17977,,,0.06582097855136486,3.3659640796134576,0.20921328003900788,0.1263263221529426,1.0,30.0,17977.0,0.0,0.0,1.0,79.0,2352.0,599.2333333333333,522.0,378.87866864677875,0.1308338432441453,0.1308338432441453,0.0,0.0,11.349668502807617,True,True
full,tfidf_var_max_features_5000,Variation: max_features_5000,static_tfidf_svd,sklearn_pipeline,kmeans,20,,0,0,,10,300,,euclidean,,17977,,,0.06052629219056787,3.6860154347621346,0.22633350535740812,0.03836532685104454,1.0,20.0,17977.0,0.0,0.0,1.0,263.0,2948.0,898.85,640.0,611.9923426808542,0.1639873171274406,0.1639873171274406,0.0,0.0,10.836611986160278,True,True
full,tfidf_var_max_features_5000,Variation: max_features_5000,static_tfidf_svd,sklearn_pipeline,kmeans,25,,0,0,,10,300,,euclidean,,17977,,,0.05927314376345806,3.499103500474972,0.19201636437639286,0.10412039301085632,1.0,25.0,17977.0,0.0,0.0,1.0,254.0,3157.0,719.08,573.0,544.5995167092972,0.17561328364020692,0.17561328364020692,0.0,0.0,11.394863843917847,True,True
full,tfidf_var_max_features_5000,Variation: max_features_5000,static_tfidf_svd,sklearn_pipeline,kmeans,15,,0,0,,10,300,,euclidean,,17977,,,0.0498646579741947,3.8188760055114295,0.2048260861651139,0.056880540730351224,1.0,15.0,17977.0,0.0,0.0,1.0,434.0,4026.0,1198.4666666666667,952.0,860.9836132135281,0.22395282861434054,0.22395282861434054,0.0,0.0,10.803236722946167,True,True
full,tfidf_var_max_features_5000,Variation: max_features_5000,static_tfidf_svd,sklearn_pipeline,kmeans,10,,0,0,,10,300,,euclidean,,17977,,,0.0440097509744005,4.276393919477462,0.18784344132879846,0.01659917883336174,1.0,10.0,17977.0,0.0,0.0,1.0,573.0,4788.0,1797.7,1487.0,1163.799299707643,0.26634032374701005,0.26634032374701005,0.0,0.0,8.519135236740112,True,True
full,tfidf_var_min_df_10,Variation: min_df_10,static_tfidf_svd,sklearn_pipeline,kmeans,30,,0,0,,10,300,,euclidean,,17980,,,0.06639683145174549,3.408054141978453,0.2188212869368377,0.0780785196328551,1.0,30.0,17980.0,0.0,0.0,1.0,248.0,2154.0,599.3333333333334,514.5,333.41429016898616,0.11979977753058954,0.11979977753058954,0.0,0.0,12.251518726348877,True,True
full,tfidf_var_min_df_10,Variation: min_df_10,static_tfidf_svd,sklearn_pipeline,kmeans,25,,0,0,,10,300,,euclidean,,17980,,,0.06371756393202245,3.4840415251067816,0.22087276657071125,0.0780785196328551,1.0,25.0,17980.0,0.0,0.0,1.0,232.0,2771.0,719.2,582.0,500.0571167376783,0.15411568409343715,0.15411568409343715,0.0,0.0,12.123812913894653,True,True
full,tfidf_var_min_df_10,Variation: min_df_10,static_tfidf_svd,sklearn_pipeline,kmeans,20,,0,0,,10,300,,euclidean,,17980,,,0.05660228498835056,3.6997093033345196,0.22661657716001454,0.07853102380003502,1.0,20.0,17980.0,0.0,0.0,1.0,450.0,3091.0,899.0,684.5,596.8529969766424,0.17191323692992214,0.17191323692992214,0.0,0.0,11.486809015274048,True,True
full,tfidf_var_min_df_10,Variation: min_df_10,static_tfidf_svd,sklearn_pipeline,kmeans,15,,0,0,,10,300,,euclidean,,17980,,,0.055012323182239004,3.9627115304391776,0.2313469759719936,0.08566409572425873,1.0,15.0,17980.0,0.0,0.0,1.0,565.0,3758.0,1198.6666666666667,928.0,783.4448431269569,0.20901001112347053,0.20901001112347053,0.0,0.0,10.808327198028564,True,True
full,tfidf_var_min_df_10,Variation: min_df_10,static_tfidf_svd,sklearn_pipeline,kmeans,10,,0,0,,10,300,,euclidean,,17980,,,0.043672969095611296,4.275644217354609,0.19092270357455624,0.07202988671198098,1.0,10.0,17980.0,0.0,0.0,1.0,595.0,4383.0,1798.0,1597.5,1123.007390892865,0.24377085650723027,0.24377085650723027,0.0,0.0,9.152791023254395,True,True
full,tfidf_var_min_df_2,Variation: min_df_2,static_tfidf_svd,sklearn_pipeline,kmeans,30,,0,0,,10,300,,euclidean,,17980,,,0.07060884606683783,3.3345272993443795,0.2246001291211155,0.07730623682515081,1.0,30.0,17980.0,0.0,0.0,1.0,78.0,2089.0,599.3333333333334,523.0,344.2196327282271,0.11618464961067854,0.11618464961067854,0.0,0.0,9.978813171386719,True,True
full,tfidf_var_min_df_2,Variation: min_df_2,static_tfidf_svd,sklearn_pipeline,kmeans,25,,0,0,,10,300,,euclidean,,17980,,,0.06180802556855709,3.539203989983561,0.24313707353772362,0.09020408697274164,1.0,25.0,17980.0,0.0,0.0,1.0,256.0,2478.0,719.2,587.0,420.6557737628238,0.1378197997775306,0.1378197997775306,0.0,0.0,11.810267686843872,True,True
full,tfidf_var_min_df_2,Variation: min_df_2,static_tfidf_svd,sklearn_pipeline,kmeans,20,,0,0,,10,300,,euclidean,,17980,,,0.058105191472694634,3.556938490450002,0.20390885688768073,0.06579112925362011,1.0,20.0,17980.0,0.0,0.0,1.0,260.0,3206.0,899.0,626.5,721.5703014952875,0.17830923248053393,0.17830923248053393,0.0,0.0,10.3587965965271,True,True
full,tfidf_var_min_df_2,Variation: min_df_2,static_tfidf_svd,sklearn_pipeline,kmeans,15,,0,0,,10,300,,euclidean,,17980,,,0.054089491625266,3.8628422746456295,0.20735280839809883,0.04923691506932074,1.0,15.0,17980.0,0.0,0.0,1.0,417.0,4134.0,1198.6666666666667,928.0,902.6222293345587,0.22992213570634037,0.22992213570634037,0.0,0.0,9.820107460021973,True,True
full,tfidf_var_min_df_2,Variation: min_df_2,static_tfidf_svd,sklearn_pipeline,kmeans,10,,0,0,,10,300,,euclidean,,17980,,,0.04544907140224613,4.3467117896683405,0.20325881759593872,0.08688293034766525,1.0,10.0,17980.0,0.0,0.0,1.0,745.0,3973.0,1798.0,1582.0,985.2920379258121,0.22096774193548388,0.22096774193548388,0.0,0.0,9.53262996673584,True,True
full,tfidf_var_min_df_20,Variation: min_df_20,static_tfidf_svd,sklearn_pipeline,kmeans,30,,0,0,,10,300,,euclidean,,17979,,,0.07024692992731295,3.346773879705214,0.22438562580790294,0.06674539938130948,1.0,30.0,17979.0,0.0,0.0,1.0,78.0,2103.0,599.3,532.5,350.9120640084445,0.11696979809778074,0.11696979809778074,0.0,0.0,11.876542568206787,True,True
full,tfidf_var_min_df_20,Variation: min_df_20,static_tfidf_svd,sklearn_pipeline,kmeans,25,,0,0,,10,300,,euclidean,,17979,,,0.0627763021098861,3.5463653146750405,0.2164988439994879,0.07160324183187176,1.0,25.0,17979.0,0.0,0.0,1.0,256.0,2394.0,719.16,571.0,434.26947210228815,0.1331553479058902,0.1331553479058902,0.0,0.0,12.36853814125061,True,True
full,tfidf_var_min_df_20,Variation: min_df_20,static_tfidf_svd,sklearn_pipeline,kmeans,20,,0,0,,10,300,,euclidean,,17979,,,0.0582791464316431,3.6449900454884725,0.21984527213168933,0.096454814361509,1.0,20.0,17979.0,0.0,0.0,1.0,248.0,2855.0,898.95,645.0,607.7016105787445,0.15879637354691584,0.15879637354691584,0.0,0.0,10.33682918548584,True,True
full,tfidf_var_min_df_20,Variation: min_df_20,static_tfidf_svd,sklearn_pipeline,kmeans,15,,0,0,,10,300,,euclidean,,17979,,,0.053251971666223245,3.9284948528557284,0.23793492580699774,0.09437921622325471,1.0,15.0,17979.0,0.0,0.0,1.0,467.0,3766.0,1198.6,768.0,841.0121521119656,0.20946659992213137,0.20946659992213137,0.0,0.0,9.954023361206055,True,True
full,tfidf_var_min_df_20,Variation: min_df_20,static_tfidf_svd,sklearn_pipeline,kmeans,10,,0,0,,10,300,,euclidean,,17979,,,0.045408595702924534,4.387068708548027,0.21241438729068338,0.09437921622325471,1.0,10.0,17979.0,0.0,0.0,1.0,729.0,3906.0,1797.9,1566.5,857.4190865615251,0.21725346237276824,0.21725346237276824,0.0,0.0,9.032972574234009,True,True
full,tfidf_var_n_components_200,Variation: n_components_200,static_tfidf_svd,sklearn_pipeline,kmeans,30,,0,0,,10,300,,euclidean,,17980,,,0.04068719065156418,4.258628273732318,0.1854665829458877,0.04363620810610446,1.0,30.0,17980.0,0.0,0.0,1.0,154.0,3088.0,599.3333333333334,503.0,516.5919946039513,0.17174638487208008,0.17174638487208008,0.0,0.0,12.742666482925415,True,True
full,tfidf_var_n_components_200,Variation: n_components_200,static_tfidf_svd,sklearn_pipeline,kmeans,25,,0,0,,10,300,,euclidean,,17980,,,0.03858275150001967,4.350766445711416,0.17482145893683282,0.04606369115249619,1.0,25.0,17980.0,0.0,0.0,1.0,198.0,3487.0,719.2,546.0,677.587839324172,0.1939377085650723,0.1939377085650723,0.0,0.0,12.728564262390137,True,True
full,tfidf_var_n_components_200,Variation: n_components_200,static_tfidf_svd,sklearn_pipeline,kmeans,20,,0,0,,10,300,,euclidean,,17980,,,0.033294163301053475,4.7225195617485385,0.19133182280173125,0.04617854040616613,1.0,20.0,17980.0,0.0,0.0,1.0,372.0,3710.0,899.0,603.0,740.249957784531,0.20634037819799778,0.20634037819799778,0.0,0.0,11.612058401107788,True,True
full,tfidf_var_n_components_200,Variation: n_components_200,static_tfidf_svd,sklearn_pipeline,kmeans,15,,0,0,,10,300,,euclidean,,17980,,,0.03162553334461716,4.814525410415721,0.17118715413925664,0.02587193361292304,1.0,15.0,17980.0,0.0,0.0,1.0,383.0,5114.0,1198.6666666666667,735.0,1125.6000868672475,0.28442714126807567,0.28442714126807567,0.0,0.0,11.127418041229248,True,True
full,tfidf_var_n_components_200,Variation: n_components_200,static_tfidf_svd,sklearn_pipeline,kmeans,10,,0,0,,10,300,,euclidean,,17980,,,0.026078311168539522,5.572915022110526,0.1664462971858168,0.061623572442483274,1.0,10.0,17980.0,0.0,0.0,1.0,684.0,5196.0,1798.0,1486.0,1220.902862638957,0.2889877641824249,0.2889877641824249,0.0,0.0,9.497768878936768,True,True
full,tfidf_var_n_components_50,Variation: n_components_50,static_tfidf_svd,sklearn_pipeline,kmeans,30,,0,0,,10,300,,euclidean,,17980,,,0.10913702970988838,2.4522246443802644,0.240463182517975,0.010540095686209318,1.0,30.0,17980.0,0.0,0.0,1.0,84.0,1052.0,599.3333333333334,550.5,221.5696028088891,0.05850945494994438,0.05850945494994438,0.0,0.0,11.703748941421509,True,True
full,tfidf_var_n_components_50,Variation: n_components_50,static_tfidf_svd,sklearn_pipeline,kmeans,25,,0,0,,10,300,,euclidean,,17980,,,0.10090998292712916,2.679711904570906,0.2616651980409754,0.04731837136682911,1.0,25.0,17980.0,0.0,0.0,1.0,477.0,1325.0,719.2,644.0,228.86310318616236,0.07369299221357063,0.07369299221357063,0.0,0.0,12.061861515045166,True,True
full,tfidf_var_n_components_50,Variation: n_components_50,static_tfidf_svd,sklearn_pipeline,kmeans,20,,0,0,,10,300,,euclidean,,17980,,,0.09515006949057034,2.8098839944665706,0.2662797206357681,0.0471923645037255,1.0,20.0,17980.0,0.0,0.0,1.0,500.0,1976.0,899.0,755.0,391.4479531176527,0.10989988876529477,0.10989988876529477,0.0,0.0,10.12913179397583,True,True
full,tfidf_var_n_components_50,Variation: n_components_50,static_tfidf_svd,sklearn_pipeline,kmeans,15,,0,0,,10,300,,euclidean,,17980,,,0.0881482656358055,3.02438782879227,0.26231872634778347,0.07765513003572407,1.0,15.0,17980.0,0.0,0.0,1.0,618.0,2054.0,1198.6666666666667,1205.0,446.63178968312985,0.11423804226918799,0.11423804226918799,0.0,0.0,8.952002048492432,True,True
full,tfidf_var_n_components_50,Variation: n_components_50,static_tfidf_svd,sklearn_pipeline,kmeans,10,,0,0,,10,300,,euclidean,,17980,,,0.07617948431061582,3.2276581283558876,0.22437830019739785,0.0594153140666056,1.0,10.0,17980.0,0.0,0.0,1.0,635.0,3653.0,1798.0,1653.0,818.7864190373458,0.2031701890989989,0.2031701890989989,0.0,0.0,8.324544668197632,True,True
full,tfidf_var_ngram_range_[1_1],Variation: ngram_range_[1_1],static_tfidf_svd,sklearn_pipeline,kmeans,30,,0,0,,10,300,,euclidean,,17980,,,0.0650065337532601,3.430357425098991,0.2158378047895321,0.08048210819082639,1.0,30.0,17980.0,0.0,0.0,1.0,266.0,2316.0,599.3333333333334,526.5,364.6368360742264,0.12880978865406006,0.12880978865406006,0.0,0.0,12.110433340072632,True,True
full,tfidf_var_ngram_range_[1_1],Variation: ngram_range_[1_1],static_tfidf_svd,sklearn_pipeline,kmeans,25,,0,0,,10,300,,euclidean,,17980,,,0.06177307391900929,3.5414805853862776,0.2145905034598253,0.08699075686686615,1.0,25.0,17980.0,0.0,0.0,1.0,277.0,2682.0,719.2,568.0,476.34743622696243,0.14916573971078978,0.14916573971078978,0.0,0.0,10.455617427825928,True,True
full,tfidf_var_ngram_range_[1_1],Variation: ngram_range_[1_1],static_tfidf_svd,sklearn_pipeline,kmeans,20,,0,0,,10,300,,euclidean,,17980,,,0.05531396239722688,3.733902990401906,0.22117343066427964,0.08699075686686615,1.0,20.0,17980.0,0.0,0.0,1.0,271.0,2796.0,899.0,719.5,553.8179303706228,0.15550611790878754,0.15550611790878754,0.0,0.0,9.685997486114502,True,True
full,tfidf_var_ngram_range_[1_1],Variation: ngram_range_[1_1],static_tfidf_svd,sklearn_pipeline,kmeans,15,,0,0,,10,300,,euclidean,,17980,,,0.05149392616411343,3.9746048283720645,0.2232334675326054,0.05747270069580118,1.0,15.0,17980.0,0.0,0.0,1.0,456.0,3477.0,1198.6666666666667,984.0,749.9991703699116,0.19338153503893216,0.19338153503893216,0.0,0.0,10.236493825912476,True,True
full,tfidf_var_ngram_range_[1_1],Variation: ngram_range_[1_1],static_tfidf_svd,sklearn_pipeline,kmeans,10,,0,0,,10,300,,euclidean,,17980,,,0.0452720768821892,4.268790310635485,0.1976897399970724,0.09510151612369604,1.0,10.0,17980.0,0.0,0.0,1.0,596.0,4350.0,1798.0,1409.5,1081.5153258276093,0.24193548387096775,0.24193548387096775,0.0,0.0,8.733402252197266,True,True
full,word2vec_proxy_glove,Static proxy (GloVe 300),static,glove-wiki-gigaword-300,kmeans,10,,0,0,,10,300,,euclidean,,17982,,,0.03558729216456413,3.2398580349539,0.16429284543306463,0.04512162484244848,1.0,10.0,17982.0,0.0,0.0,1.0,438.0,3168.0,1798.2,1710.0,802.9246290904272,0.17617617617617617,0.17617617617617617,0.0,0.0,8.743873834609985,True,True
full,word2vec_proxy_glove,Static proxy (GloVe 300),static,glove-wiki-gigaword-300,kmeans,15,,0,0,,10,300,,euclidean,,17982,,,0.014154725708067417,3.2781244186442717,0.17904596571115264,0.023788067677981917,1.0,15.0,17982.0,0.0,0.0,1.0,309.0,2584.0,1198.8,1131.0,558.2864497728742,0.1436992548103659,0.1436992548103659,0.0,0.0,10.080511093139648,True,True
full,word2vec_proxy_glove,Static proxy (GloVe 300),static,glove-wiki-gigaword-300,kmeans,25,,0,0,,10,300,,euclidean,,17982,,,0.013996102847158909,3.3575402376465835,0.1867405064603793,0.05303373087966845,1.0,25.0,17982.0,0.0,0.0,1.0,147.0,1499.0,719.28,638.0,346.9852469486275,0.08336113891669447,0.08336113891669447,0.0,0.0,11.375653266906738,True,True
full,word2vec_proxy_glove,Static proxy (GloVe 300),static,glove-wiki-gigaword-300,kmeans,20,,0,0,,10,300,,euclidean,,17982,,,0.013130870647728443,3.352188099283521,0.18338753614941802,0.05454972118934314,1.0,20.0,17982.0,0.0,0.0,1.0,191.0,1754.0,899.1,831.5,420.4278653942909,0.09754198643087532,0.09754198643087532,0.0,0.0,10.370193004608154,True,True
full,word2vec_proxy_glove,Static proxy (GloVe 300),static,glove-wiki-gigaword-300,kmeans,30,,0,0,,10,300,,euclidean,,17982,,,0.00591303501278162,3.42012182235287,0.18191931951390442,0.046216500669757035,1.0,30.0,17982.0,0.0,0.0,1.0,135.0,1413.0,599.4,539.0,284.11800365341156,0.07857857857857858,0.07857857857857858,0.0,0.0,12.822202682495117,True,True
full,fasttext,fastText wiki-news 300,static,fasttext-wiki-news-subwords-300,spectral,10,,0,30,kmeans,0,0,,euclidean,,17982,nearest_neighbors,1.0,0.029982510954141617,3.1895076332259245,0.12076442299594749,0.01985282123903721,1.0,10.0,17982.0,0.0,0.0,1.0,49.0,5908.0,1798.2,1014.5,1805.94411873679,0.32855077299521745,0.32855077299521745,0.0,0.0,321.80664467811584,True,True
full,fasttext,fastText wiki-news 300,static,fasttext-wiki-news-subwords-300,spectral,10,,0,30,discretize,0,0,,euclidean,,17982,nearest_neighbors,1.0,0.029134536162018776,3.4232651213639884,0.16015432720026795,0.0523438120477554,1.0,10.0,17982.0,0.0,0.0,1.0,109.0,4188.0,1798.2,1492.0,1232.7046523802853,0.23289956623289956,0.23289956623289956,0.0,0.0,317.5442085266113,True,True
full,fasttext,fastText wiki-news 300,static,fasttext-wiki-news-subwords-300,spectral,10,,0,10,discretize,0,0,,euclidean,,17982,nearest_neighbors,1.0,0.02886231057345867,2.8203875731738015,0.1349411339891968,0.0,1.0,10.0,17982.0,0.0,0.0,1.0,10.0,5485.0,1798.2,1135.5,1937.620540766432,0.3050272494716939,0.3050272494716939,0.0,0.0,195.8980257511139,True,True
full,fasttext,fastText wiki-news 300,static,fasttext-wiki-news-subwords-300,spectral,10,,0,20,discretize,0,0,,euclidean,,17982,nearest_neighbors,1.0,0.02720515988767147,3.2879771216785074,0.15276693064356547,0.032700018201055725,1.0,10.0,17982.0,0.0,0.0,1.0,64.0,4868.0,1798.2,1576.0,1409.494505132957,0.2707151596040485,0.2707151596040485,0.0,0.0,321.64328360557556,True,True
full,fasttext,fastText wiki-news 300,static,fasttext-wiki-news-subwords-300,spectral,15,,0,10,discretize,0,0,,euclidean,,17982,nearest_neighbors,1.0,0.023176368325948715,3.0205051005836454,0.16590346917100024,0.0371610243120072,1.0,15.0,17982.0,0.0,0.0,1.0,10.0,4315.0,1198.8,737.0,1360.6393693162538,0.23996218440662886,0.23996218440662886,0.0,0.0,201.34498023986816,True,True
full,fasttext,fastText wiki-news 300,static,fasttext-wiki-news-subwords-300,spectral,10,,0,20,kmeans,0,0,,euclidean,,17982,nearest_neighbors,1.0,0.021177295595407486,3.03080037550871,0.11704315647124452,0.04025098472386355,1.0,10.0,17982.0,0.0,0.0,1.0,34.0,6579.0,1798.2,1058.0,2056.686208443087,0.3658658658658659,0.3658658658658659,0.0,0.0,321.15732312202454,True,True
full,fasttext,fastText wiki-news 300,static,fasttext-wiki-news-subwords-300,spectral,15,,0,30,discretize,0,0,,euclidean,,17982,nearest_neighbors,1.0,0.020739197731018066,3.4038354942380677,0.20135688873864394,0.0,1.0,15.0,17982.0,0.0,0.0,1.0,69.0,2832.0,1198.8,1048.0,749.0372665406352,0.15749082415749083,0.15749082415749083,0.0,0.0,320.0159194469452,True,True
full,fasttext,fastText wiki-news 300,static,fasttext-wiki-news-subwords-300,spectral,15,,0,20,discretize,0,0,,euclidean,,17982,nearest_neighbors,1.0,0.019586695358157158,3.4203146859178735,0.20695370067238755,0.04090610732015113,1.0,15.0,17982.0,0.0,0.0,1.0,63.0,2682.0,1198.8,1029.0,734.049426128786,0.14914914914914915,0.14914914914914915,0.0,0.0,324.1520662307739,True,True
full,fasttext,fastText wiki-news 300,static,fasttext-wiki-news-subwords-300,spectral,15,,0,30,kmeans,0,0,,euclidean,,17982,nearest_neighbors,1.0,0.01916121318936348,3.416312018542344,0.14705720079915904,0.0,1.0,15.0,17982.0,0.0,0.0,1.0,35.0,4146.0,1198.8,933.0,1164.6458803716546,0.2305638972305639,0.2305638972305639,0.0,0.0,322.4652726650238,True,True
full,fasttext,fastText wiki-news 300,static,fasttext-wiki-news-subwords-300,spectral,10,,0,0,discretize,0,0,,euclidean,,17982,rbf,1.0,0.01908375322818756,3.619833676468975,0.10049830194740729,0.01710616050992708,1.0,10.0,17982.0,0.0,0.0,1.0,562.0,2264.0,1798.2,1918.0,493.2390495489991,0.12590368145923703,0.12590368145923703,0.0,0.0,28.770339727401733,True,True
full,fasttext,fastText wiki-news 300,static,fasttext-wiki-news-subwords-300,spectral,10,,0,10,kmeans,0,0,,euclidean,,17982,nearest_neighbors,1.0,0.017541568726301193,2.540291841256181,0.1238664613861152,0.0408305152468589,1.0,10.0,17982.0,0.0,0.0,1.0,10.0,6024.0,1798.2,595.0,2282.048544619505,0.33500166833500167,0.33500166833500167,0.0,0.0,196.99909949302673,True,True
full,fasttext,fastText wiki-news 300,static,fasttext-wiki-news-subwords-300,spectral,15,,0,10,kmeans,0,0,,euclidean,,17982,nearest_neighbors,1.0,0.01498908456414938,2.599675612555638,0.12641329093325934,0.005167825003215674,1.0,15.0,17982.0,0.0,0.0,1.0,9.0,5972.0,1198.8,529.0,1769.538290063258,0.33210988766544325,0.33210988766544325,0.0,0.0,201.45288944244385,True,True
full,fasttext,fastText wiki-news 300,static,fasttext-wiki-news-subwords-300,spectral,20,,0,10,discretize,0,0,,euclidean,,17982,nearest_neighbors,1.0,0.014560292474925518,3.2090554392511366,0.20174448450289983,0.0,1.0,20.0,17982.0,0.0,0.0,1.0,10.0,3370.0,899.1,568.0,924.0075703153087,0.1874096318540763,0.1874096318540763,0.0,0.0,199.43060970306396,True,True
full,fasttext,fastText wiki-news 300,static,fasttext-wiki-news-subwords-300,spectral,10,,0,0,kmeans,0,0,,euclidean,,17982,rbf,1.0,0.01446666568517685,3.4655296687064534,0.10342178505398018,0.03993253698728058,1.0,10.0,17982.0,0.0,0.0,1.0,33.0,2588.0,1798.2,2120.0,857.386004084508,0.14392169947725503,0.14392169947725503,0.0,0.0,32.93752336502075,True,True
full,fasttext,fastText wiki-news 300,static,fasttext-wiki-news-subwords-300,spectral,30,,0,20,discretize,0,0,,euclidean,,17982,nearest_neighbors,1.0,0.014176370576024055,3.494138232872961,0.20716286195056063,0.021589403622354824,1.0,30.0,17982.0,0.0,0.0,1.0,30.0,1734.0,599.4,572.0,429.8092289997195,0.09642976309642977,0.09642976309642977,0.0,0.0,330.8737938404083,True,True
full,fasttext,fastText wiki-news 300,static,fasttext-wiki-news-subwords-300,spectral,30,,0,30,discretize,0,0,,euclidean,,17982,nearest_neighbors,1.0,0.01400034036487341,3.470243752933388,0.1995714588809877,0.0,1.0,30.0,17982.0,0.0,0.0,1.0,53.0,1545.0,599.4,510.5,390.1272100225772,0.08591925258591926,0.08591925258591926,0.0,0.0,326.2809467315674,True,True
full,fasttext,fastText wiki-news 300,static,fasttext-wiki-news-subwords-300,spectral,25,,0,30,discretize,0,0,,euclidean,,17982,nearest_neighbors,1.0,0.013634361326694489,3.472362696660211,0.20046909576905053,0.0,1.0,25.0,17982.0,0.0,0.0,1.0,53.0,1719.0,719.28,671.0,431.40389613446933,0.09559559559559559,0.09559559559559559,0.0,0.0,326.39627718925476,True,True
full,fasttext,fastText wiki-news 300,static,fasttext-wiki-news-subwords-300,spectral,10,,0,0,kmeans,0,0,,euclidean,,17982,rbf,0.1,0.013554050587117672,3.634003555705113,0.0952711090369768,0.038884568200317084,1.0,10.0,17982.0,0.0,0.0,1.0,418.0,2365.0,1798.2,2060.5,559.5701564594023,0.13152040929818706,0.13152040929818706,0.0,0.0,30.93803596496582,True,True
full,fasttext,fastText wiki-news 300,static,fasttext-wiki-news-subwords-300,spectral,15,,0,20,kmeans,0,0,,euclidean,,17982,nearest_neighbors,1.0,0.012702353298664093,3.327076877102503,0.1471728362991348,0.0,1.0,15.0,17982.0,0.0,0.0,1.0,34.0,4051.0,1198.8,761.0,1102.3196874470368,0.22528083639194751,0.22528083639194751,0.0,0.0,329.21289801597595,True,True
full,fasttext,fastText wiki-news 300,static,fasttext-wiki-news-subwords-300,spectral,15,,0,0,kmeans,0,0,,euclidean,,17982,rbf,1.0,0.011802418157458305,3.5156488981914262,0.1317427442541489,0.040302093234609655,1.0,15.0,17982.0,0.0,0.0,1.0,24.0,2253.0,1198.8,1318.0,589.7017551271151,0.12529195862529197,0.12529195862529197,0.0,0.0,33.712525844573975,True,True
full,fasttext,fastText wiki-news 300,static,fasttext-wiki-news-subwords-300,spectral,20,,0,20,discretize,0,0,,euclidean,,17982,nearest_neighbors,1.0,0.011713040992617607,3.4219321330309014,0.2110907867436068,1.1424212732367344e-08,1.0,20.0,17982.0,0.0,0.0,1.0,34.0,2412.0,899.1,816.5,639.9067822737934,0.13413413413413414,0.13413413413413414,0.0,0.0,324.24712014198303,True,True
full,fasttext,fastText wiki-news 300,static,fasttext-wiki-news-subwords-300,spectral,20,,0,30,discretize,0,0,,euclidean,,17982,nearest_neighbors,1.0,0.011564807966351509,3.496242381939143,0.20401203873235038,0.025635504963454857,1.0,20.0,17982.0,0.0,0.0,1.0,68.0,2422.0,899.1,794.5,578.027585846904,0.1346902458013569,0.1346902458013569,0.0,0.0,321.0676109790802,True,True
full,fasttext,fastText wiki-news 300,static,fasttext-wiki-news-subwords-300,spectral,25,,0,20,discretize,0,0,,euclidean,,17982,nearest_neighbors,1.0,0.011161464266479015,3.438859837099104,0.20831233012770478,0.0,1.0,25.0,17982.0,0.0,0.0,1.0,32.0,2151.0,719.28,699.0,549.8661306172622,0.11961961961961962,0.11961961961961962,0.0,0.0,342.13593196868896,True,True
full,fasttext,fastText wiki-news 300,static,fasttext-wiki-news-subwords-300,spectral,30,,0,10,discretize,0,0,,euclidean,,17982,nearest_neighbors,1.0,0.010409767739474773,3.2677990056519053,0.21442826285591296,0.0,1.0,30.0,17982.0,0.0,0.0,1.0,10.0,2436.0,599.4,299.0,632.4346922805548,0.1354688021354688,0.1354688021354688,0.0,0.0,203.84580326080322,True,True
full,fasttext,fastText wiki-news 300,static,fasttext-wiki-news-subwords-300,spectral,15,,0,0,kmeans,0,0,,euclidean,,17982,rbf,0.1,0.010181981138885021,3.7657737506775795,0.13506564613359903,0.024368623816961733,1.0,15.0,17982.0,0.0,0.0,1.0,101.0,1918.0,1198.8,1261.0,459.9203119382023,0.10666221777332889,0.10666221777332889,0.0,0.0,34.02502489089966,True,True
full,fasttext,fastText wiki-news 300,static,fasttext-wiki-news-subwords-300,spectral,15,,0,0,discretize,0,0,,euclidean,,17982,rbf,1.0,0.00943566020578146,3.8069421880068415,0.13062824069169324,0.03605229989064333,1.0,15.0,17982.0,0.0,0.0,1.0,248.0,1698.0,1198.8,1222.0,329.7417575416657,0.09442776109442776,0.09442776109442776,0.0,0.0,30.924394607543945,True,True
full,fasttext,fastText wiki-news 300,static,fasttext-wiki-news-subwords-300,spectral,25,,0,10,discretize,0,0,,euclidean,,17982,nearest_neighbors,1.0,0.007853065617382526,3.3596294031542486,0.21440818911086018,0.0,1.0,25.0,17982.0,0.0,0.0,1.0,10.0,2680.0,719.28,306.0,744.783486390508,0.1490379268157046,0.1490379268157046,0.0,0.0,203.50116777420044,True,True
full,fasttext,fastText wiki-news 300,static,fasttext-wiki-news-subwords-300,spectral,15,,0,0,discretize,0,0,,euclidean,,17982,rbf,0.1,0.0075208102352917194,3.870944519417615,0.13089391082425703,0.023648756711705736,1.0,15.0,17982.0,0.0,0.0,1.0,331.0,1651.0,1198.8,1174.0,315.62344653083045,0.0918140362584807,0.0918140362584807,0.0,0.0,30.657788276672363,True,True
full,fasttext,fastText wiki-news 300,static,fasttext-wiki-news-subwords-300,spectral,10,,0,0,discretize,0,0,,euclidean,,17982,rbf,0.1,0.006947161164134741,3.7518687117138234,0.09510939717909929,0.023302981834585942,1.0,10.0,17982.0,0.0,0.0,1.0,862.0,2454.0,1798.2,1957.5,440.39069018315996,0.1364698031364698,0.1364698031364698,0.0,0.0,30.559061765670776,True,True
full,fasttext,fastText wiki-news 300,static,fasttext-wiki-news-subwords-300,spectral,20,,0,0,kmeans,0,0,,euclidean,,17982,rbf,0.1,0.005810810253024101,3.6465287467800556,0.1773096523153551,0.02524278678852746,1.0,20.0,17982.0,0.0,0.0,1.0,83.0,1509.0,899.1,935.5,298.23328117431834,0.08391725058391725,0.08391725058391725,0.0,0.0,34.67010307312012,True,True
full,fasttext,fastText wiki-news 300,static,fasttext-wiki-news-subwords-300,spectral,20,,0,0,discretize,0,0,,euclidean,,17982,rbf,0.1,0.005128416232764721,3.8239542317911868,0.18514308849891525,0.013835416553058389,1.0,20.0,17982.0,0.0,0.0,1.0,224.0,1287.0,899.1,853.0,275.42383702214306,0.07157157157157157,0.07157157157157157,0.0,0.0,33.59880709648132,True,True
full,fasttext,fastText wiki-news 300,static,fasttext-wiki-news-subwords-300,spectral,25,,0,30,kmeans,0,0,,euclidean,,17982,nearest_neighbors,1.0,0.0050741154700517654,3.255529528478742,0.1495514093514623,0.0,1.0,25.0,17982.0,0.0,0.0,1.0,35.0,3092.0,719.28,453.0,731.0821852568971,0.17194972750528306,0.17194972750528306,0.0,0.0,328.2719440460205,True,True
full,fasttext,fastText wiki-news 300,static,fasttext-wiki-news-subwords-300,spectral,30,,0,30,kmeans,0,0,,euclidean,,17982,nearest_neighbors,1.0,0.004939537029713392,3.2594057497605937,0.13815808813285016,0.003659763765938115,1.0,30.0,17982.0,0.0,0.0,1.0,35.0,3401.0,599.4,402.5,687.5099320494699,0.1891335780224669,0.1891335780224669,0.0,0.0,329.81228160858154,True,True
full,fasttext,fastText wiki-news 300,static,fasttext-wiki-news-subwords-300,spectral,20,,0,10,kmeans,0,0,,euclidean,,17982,nearest_neighbors,1.0,0.002704114653170109,2.7658726801083073,0.14115829111754485,0.019987526433271757,1.0,20.0,17982.0,0.0,0.0,1.0,9.0,4943.0,899.1,318.5,1371.3699318564632,0.2748859971082193,0.2748859971082193,0.0,0.0,201.6929953098297,True,True
full,fasttext,fastText wiki-news 300,static,fasttext-wiki-news-subwords-300,spectral,20,,0,0,discretize,0,0,,euclidean,,17982,rbf,1.0,0.0020315025467425585,3.7801949852992864,0.18292283024461858,0.02524278678852746,1.0,20.0,17982.0,0.0,0.0,1.0,183.0,1341.0,899.1,878.0,296.8074965360545,0.07457457457457457,0.07457457457457457,0.0,0.0,32.216323375701904,True,True
full,fasttext,fastText wiki-news 300,static,fasttext-wiki-news-subwords-300,spectral,30,,0,20,kmeans,0,0,,euclidean,,17982,nearest_neighbors,1.0,0.0008002624963410199,3.255888838963783,0.1502051811843195,0.02316533455395715,1.0,30.0,17982.0,0.0,0.0,1.0,15.0,3062.0,599.4,388.5,686.5386417869476,0.17028139250361474,0.17028139250361474,0.0,0.0,333.1610977649689,True,True
full,fasttext,fastText wiki-news 300,static,fasttext-wiki-news-subwords-300,spectral,25,,0,0,kmeans,0,0,,euclidean,,17982,rbf,1.0,-6.241342634893954e-05,3.407303499519263,0.16867375426956996,0.009268499811314944,1.0,25.0,17982.0,0.0,0.0,1.0,10.0,1673.0,719.28,670.0,423.77310155317787,0.09303748192637082,0.09303748192637082,0.0,0.0,36.15568447113037,True,True
full,fasttext,fastText wiki-news 300,static,fasttext-wiki-news-subwords-300,spectral,30,,0,0,discretize,0,0,,euclidean,,17982,rbf,0.1,-0.0006446563056670129,4.046197016924308,0.18775890067105572,0.03667511639060438,1.0,30.0,17982.0,0.0,0.0,1.0,144.0,1091.0,599.4,588.0,226.77207353052387,0.060671782894005113,0.060671782894005113,0.0,0.0,34.24748182296753,True,True
full,fasttext,fastText wiki-news 300,static,fasttext-wiki-news-subwords-300,spectral,20,,0,30,kmeans,0,0,,euclidean,,17982,nearest_neighbors,1.0,-0.0008662509499117732,3.1865358261900267,0.11068042646550309,0.0,1.0,20.0,17982.0,0.0,0.0,1.0,35.0,5749.0,899.1,526.5,1230.5181388342066,0.31970859748637526,0.31970859748637526,0.0,0.0,324.4868218898773,True,True
full,fasttext,fastText wiki-news 300,static,fasttext-wiki-news-subwords-300,spectral,25,,0,10,kmeans,0,0,,euclidean,,17982,nearest_neighbors,1.0,-0.001192401978187263,2.8230408077642157,0.15428586075154616,0.004221362453265297,1.0,25.0,17982.0,0.0,0.0,1.0,9.0,4074.0,719.28,182.0,1105.5449161386434,0.2265598932265599,0.2265598932265599,0.0,0.0,204.77959775924683,True,True
full,fasttext,fastText wiki-news 300,static,fasttext-wiki-news-subwords-300,spectral,20,,0,20,kmeans,0,0,,euclidean,,17982,nearest_neighbors,1.0,-0.002364005893468857,3.1925578733360043,0.13348413465465064,0.0041510416043095055,1.0,20.0,17982.0,0.0,0.0,1.0,16.0,4818.0,899.1,514.0,1102.3014968691643,0.2679346012679346,0.2679346012679346,0.0,0.0,326.6674122810364,True,True
full,fasttext,fastText wiki-news 300,static,fasttext-wiki-news-subwords-300,spectral,30,,0,0,kmeans,0,0,,euclidean,,17982,rbf,0.1,-0.0032969985622912645,3.771670361565357,0.17487492737960983,0.03059278365343001,1.0,30.0,17982.0,0.0,0.0,1.0,43.0,1140.0,599.4,571.0,265.72951159653553,0.06339673006339673,0.06339673006339673,0.0,0.0,39.54901838302612,True,True
full,fasttext,fastText wiki-news 300,static,fasttext-wiki-news-subwords-300,spectral,25,,0,20,kmeans,0,0,,euclidean,,17982,nearest_neighbors,1.0,-0.004759611561894417,3.0743724673267407,0.12727524381716232,0.02920347397766634,1.0,25.0,17982.0,0.0,0.0,1.0,15.0,5056.0,719.28,450.0,1084.6443664169376,0.2811700589478367,0.2811700589478367,0.0,0.0,345.35401010513306,True,True
full,fasttext,fastText wiki-news 300,static,fasttext-wiki-news-subwords-300,spectral,20,,0,0,kmeans,0,0,,euclidean,,17982,rbf,1.0,-0.006219229660928249,3.560558867084194,0.15784996985306682,0.018871714568102146,1.0,20.0,17982.0,0.0,0.0,1.0,11.0,2264.0,899.1,902.0,498.81889499095763,0.12590368145923703,0.12590368145923703,0.0,0.0,35.152663469314575,True,True
full,fasttext,fastText wiki-news 300,static,fasttext-wiki-news-subwords-300,spectral,30,,0,0,kmeans,0,0,,euclidean,,17982,rbf,1.0,-0.006716625764966011,3.4735807398355827,0.17148709335491058,0.02367737581306245,1.0,30.0,17982.0,0.0,0.0,1.0,10.0,1724.0,599.4,589.0,357.3013294125842,0.09587365142920698,0.09587365142920698,0.0,0.0,39.29730176925659,True,True
full,fasttext,fastText wiki-news 300,static,fasttext-wiki-news-subwords-300,spectral,25,,0,0,discretize,0,0,,euclidean,,17982,rbf,1.0,-0.009251165203750134,3.7897828967438034,0.1973803950086115,0.035495491903009345,1.0,25.0,17982.0,0.0,0.0,1.0,164.0,1166.0,719.28,702.0,262.3015852029873,0.06484262039817595,0.06484262039817595,0.0,0.0,34.03845524787903,True,True
full,fasttext,fastText wiki-news 300,static,fasttext-wiki-news-subwords-300,spectral,25,,0,0,kmeans,0,0,,euclidean,,17982,rbf,0.1,-0.010179017670452595,3.662237742470083,0.17077382128441826,0.03915111930325607,1.0,25.0,17982.0,0.0,0.0,1.0,75.0,1378.0,719.28,660.0,275.2166448454744,0.07663218774329886,0.07663218774329886,0.0,0.0,38.01173710823059,True,True
full,fasttext,fastText wiki-news 300,static,fasttext-wiki-news-subwords-300,spectral,30,,0,10,kmeans,0,0,,euclidean,,17982,nearest_neighbors,1.0,-0.010917775332927704,2.727745382242285,0.11051943295601352,0.029406490581560172,1.0,30.0,17982.0,0.0,0.0,1.0,9.0,6004.0,599.4,176.0,1143.577386974751,0.3338894450005561,0.3338894450005561,0.0,0.0,208.2475664615631,True,True
full,fasttext,fastText wiki-news 300,static,fasttext-wiki-news-subwords-300,spectral,30,,0,0,discretize,0,0,,euclidean,,17982,rbf,1.0,-0.03630553185939789,3.860905278000514,0.19880964997577302,0.04140933547629762,1.0,30.0,17982.0,0.0,0.0,1.0,21.0,1133.0,599.4,612.5,290.7283497241597,0.06300745189634079,0.06300745189634079,0.0,0.0,36.09762787818909,True,True
full,fasttext,fastText wiki-news 300,static,fasttext-wiki-news-subwords-300,spectral,25,,0,0,discretize,0,0,,euclidean,,17982,rbf,0.1,-0.10310249030590057,3.919122657007412,0.19313379463424477,0.018425893698262814,1.0,25.0,17982.0,0.0,0.0,1.0,12.0,1186.0,719.28,694.0,265.31377951399355,0.0659548437326215,0.0659548437326215,0.0,0.0,36.167994260787964,True,True
full,sbert,SBERT MiniLM-L6-v2,transformer,sentence-transformers/all-MiniLM-L6-v2,spectral,15,,0,0,discretize,0,0,,euclidean,,17986,rbf,1.0,0.03519486263394356,4.607376960293068,0.31946203486527425,0.1256375841907114,1.0,15.0,17986.0,0.0,0.0,1.0,851.0,1586.0,1199.0666666666666,1209.0,238.54851824221328,0.08817969531858112,0.08817969531858112,0.0,0.0,32.280375480651855,True,True
full,sbert,SBERT MiniLM-L6-v2,transformer,sentence-transformers/all-MiniLM-L6-v2,spectral,15,,0,0,kmeans,0,0,,euclidean,,17986,rbf,0.1,0.03446529805660248,4.501713240527595,0.32420110542333197,0.16486753563820022,1.0,15.0,17986.0,0.0,0.0,1.0,625.0,1625.0,1199.0666666666666,1270.0,326.9227159776791,0.09034804848215279,0.09034804848215279,0.0,0.0,33.294705629348755,True,True
full,sbert,SBERT MiniLM-L6-v2,transformer,sentence-transformers/all-MiniLM-L6-v2,spectral,15,,0,0,discretize,0,0,,euclidean,,17986,rbf,0.1,0.03443775326013565,4.591599691870935,0.3040250314182119,0.09508964156214723,1.0,15.0,17986.0,0.0,0.0,1.0,839.0,1656.0,1199.0666666666666,1240.0,259.5181346692794,0.09207161125319693,0.09207161125319693,0.0,0.0,30.678205728530884,True,True
full,sbert,SBERT MiniLM-L6-v2,transformer,sentence-transformers/all-MiniLM-L6-v2,spectral,10,,0,0,discretize,0,0,,euclidean,,17986,rbf,1.0,0.03408023342490196,4.741010161772577,0.2709243648951997,0.0908286232086754,1.0,10.0,17986.0,0.0,0.0,1.0,1109.0,2252.0,1798.6,1803.5,301.9397953235048,0.12520849549649726,0.12520849549649726,0.0,0.0,30.473637342453003,True,True
full,sbert,SBERT MiniLM-L6-v2,transformer,sentence-transformers/all-MiniLM-L6-v2,spectral,10,,0,0,discretize,0,0,,euclidean,,17986,rbf,0.1,0.033512651920318604,4.732087104206718,0.2638828928256065,0.06994546110039665,1.0,10.0,17986.0,0.0,0.0,1.0,1259.0,2171.0,1798.6,1746.0,262.57197108602435,0.12070499277215613,0.12070499277215613,0.0,0.0,32.399226665496826,True,True
full,sbert,SBERT MiniLM-L6-v2,transformer,sentence-transformers/all-MiniLM-L6-v2,spectral,10,,0,0,kmeans,0,0,,euclidean,,17986,rbf,0.1,0.033196285367012024,4.801139626065387,0.25937236749822107,0.06991043760778316,1.0,10.0,17986.0,0.0,0.0,1.0,977.0,2274.0,1798.6,1836.0,353.81837148457964,0.12643166907594797,0.12643166907594797,0.0,0.0,31.322034120559692,True,True
full,sbert,SBERT MiniLM-L6-v2,transformer,sentence-transformers/all-MiniLM-L6-v2,spectral,20,,0,0,kmeans,0,0,,euclidean,,17986,rbf,0.1,0.033046744763851166,4.496671347746299,0.3321816813871895,0.04367424143370119,1.0,20.0,17986.0,0.0,0.0,1.0,620.0,1390.0,899.3,909.0,200.01877411883115,0.07728233070165684,0.07728233070165684,0.0,0.0,34.13341975212097,True,True
full,sbert,SBERT MiniLM-L6-v2,transformer,sentence-transformers/all-MiniLM-L6-v2,spectral,20,,0,0,discretize,0,0,,euclidean,,17986,rbf,1.0,0.032860491424798965,4.455762610473283,0.351599385125441,0.06603417917243493,1.0,20.0,17986.0,0.0,0.0,1.0,623.0,1350.0,899.3,896.5,188.87617636959936,0.07505837873901924,0.07505837873901924,0.0,0.0,32.25041055679321,True,True
full,sbert,SBERT MiniLM-L6-v2,transformer,sentence-transformers/all-MiniLM-L6-v2,spectral,10,,0,0,kmeans,0,0,,euclidean,,17986,rbf,1.0,0.032493676990270615,4.7871901003108634,0.2561692687036883,0.0985482012548315,1.0,10.0,17986.0,0.0,0.0,1.0,860.0,2391.0,1798.6,1815.0,442.99078997198126,0.13293672856666297,0.13293672856666297,0.0,0.0,31.73009967803955,True,True
full,sbert,SBERT MiniLM-L6-v2,transformer,sentence-transformers/all-MiniLM-L6-v2,spectral,20,,0,0,kmeans,0,0,,euclidean,,17986,rbf,1.0,0.03243616968393326,4.404146272712474,0.34348096261393396,0.11079506393445854,1.0,20.0,17986.0,0.0,0.0,1.0,559.0,1570.0,899.3,876.5,229.1442995145199,0.08729011453352607,0.08729011453352607,0.0,0.0,34.931907176971436,True,True
full,sbert,SBERT MiniLM-L6-v2,transformer,sentence-transformers/all-MiniLM-L6-v2,spectral,25,,0,0,discretize,0,0,,euclidean,,17986,rbf,1.0,0.0321357324719429,4.281587053918003,0.3459813285152711,0.03071572882133551,1.0,25.0,17986.0,0.0,0.0,1.0,338.0,1225.0,719.44,733.0,194.28805006999272,0.06810852885577671,0.06810852885577671,0.0,0.0,33.778666973114014,True,True
full,sbert,SBERT MiniLM-L6-v2,transformer,sentence-transformers/all-MiniLM-L6-v2,spectral,20,,0,0,discretize,0,0,,euclidean,,17986,rbf,0.1,0.03169296309351921,4.5445939539632185,0.3450014411102395,0.04641799936342993,1.0,20.0,17986.0,0.0,0.0,1.0,614.0,1415.0,899.3,861.0,194.05852210093738,0.07867230067830534,0.07867230067830534,0.0,0.0,33.666741132736206,True,True
full,sbert,SBERT MiniLM-L6-v2,transformer,sentence-transformers/all-MiniLM-L6-v2,spectral,30,,0,0,kmeans,0,0,,euclidean,,17986,rbf,0.1,0.03153681755065918,4.330584221680952,0.3416175620213219,0.12434140583441962,1.0,30.0,17986.0,0.0,0.0,1.0,269.0,817.0,599.5333333333333,601.5,118.47664561235499,0.04542421883687312,0.04542421883687312,0.0,0.0,42.520102739334106,True,True
full,sbert,SBERT MiniLM-L6-v2,transformer,sentence-transformers/all-MiniLM-L6-v2,spectral,30,,0,0,discretize,0,0,,euclidean,,17986,rbf,1.0,0.03150352090597153,4.280474100840221,0.3397645281614829,0.06249388706823755,1.0,30.0,17986.0,0.0,0.0,1.0,293.0,1093.0,599.5333333333333,616.0,182.3183540464926,0.06076948737907261,0.06076948737907261,0.0,0.0,35.00582218170166,True,True
full,sbert,SBERT MiniLM-L6-v2,transformer,sentence-transformers/all-MiniLM-L6-v2,spectral,25,,0,30,discretize,0,0,,euclidean,,17986,nearest_neighbors,1.0,0.03148950636386871,4.428746091111014,0.4144635347509151,0.006899188346195818,1.0,25.0,17986.0,0.0,0.0,1.0,167.0,1354.0,719.44,787.0,308.52216516807994,0.075280773935283,0.075280773935283,0.0,0.0,278.7517867088318,True,True
full,sbert,SBERT MiniLM-L6-v2,transformer,sentence-transformers/all-MiniLM-L6-v2,spectral,25,,0,0,kmeans,0,0,,euclidean,,17986,rbf,0.1,0.0310590211302042,4.292727708279433,0.34852545243531907,0.13553949183189523,1.0,25.0,17986.0,0.0,0.0,1.0,276.0,1150.0,719.44,733.0,176.59945186777904,0.0639386189258312,0.0639386189258312,0.0,0.0,36.10426616668701,True,True
full,sbert,SBERT MiniLM-L6-v2,transformer,sentence-transformers/all-MiniLM-L6-v2,spectral,30,,0,0,discretize,0,0,,euclidean,,17986,rbf,0.1,0.030961476266384125,4.332555650933082,0.35366812044600326,0.04666512189063393,1.0,30.0,17986.0,0.0,0.0,1.0,282.0,894.0,599.5333333333333,566.5,161.05252421354828,0.049705326364950515,0.049705326364950515,0.0,0.0,34.723124742507935,True,True
full,sbert,SBERT MiniLM-L6-v2,transformer,sentence-transformers/all-MiniLM-L6-v2,spectral,25,,0,0,discretize,0,0,,euclidean,,17986,rbf,0.1,0.030915141105651855,4.399963208706004,0.34993450772572526,0.07818085296673162,1.0,25.0,17986.0,0.0,0.0,1.0,229.0,1163.0,719.44,735.0,207.29960540242232,0.06466140331368843,0.06466140331368843,0.0,0.0,33.84257483482361,True,True
full,sbert,SBERT MiniLM-L6-v2,transformer,sentence-transformers/all-MiniLM-L6-v2,spectral,15,,0,30,discretize,0,0,,euclidean,,17986,nearest_neighbors,1.0,0.030876968055963516,4.430600215493452,0.4205668726067177,0.04265096932597044,1.0,15.0,17986.0,0.0,0.0,1.0,291.0,2385.0,1199.0666666666666,1132.0,570.5636355589289,0.13260313577226732,0.13260313577226732,0.0,0.0,274.9767518043518,True,True
full,sbert,SBERT MiniLM-L6-v2,transformer,sentence-transformers/all-MiniLM-L6-v2,spectral,30,,0,0,kmeans,0,0,,euclidean,,17986,rbf,1.0,0.030724478885531425,4.3156292883011504,0.3145927271509754,0.0958677641879215,1.0,30.0,17986.0,0.0,0.0,1.0,247.0,1011.0,599.5333333333333,619.0,171.3242020913047,0.05621038585566552,0.05621038585566552,0.0,0.0,39.46807241439819,True,True
full,sbert,SBERT MiniLM-L6-v2,transformer,sentence-transformers/all-MiniLM-L6-v2,spectral,30,,0,30,discretize,0,0,,euclidean,,17986,nearest_neighbors,1.0,0.030583489686250687,4.3051086983259355,0.38937550804511156,0.05864565684128538,1.0,30.0,17986.0,0.0,0.0,1.0,128.0,1312.0,599.5333333333333,629.0,308.4725523536179,0.0729456243745135,0.0729456243745135,0.0,0.0,286.13431334495544,True,True
full,sbert,SBERT MiniLM-L6-v2,transformer,sentence-transformers/all-MiniLM-L6-v2,spectral,15,,0,0,kmeans,0,0,,euclidean,,17986,rbf,1.0,0.030199721455574036,4.517911655440857,0.3168056050723884,0.09482685172957325,1.0,15.0,17986.0,0.0,0.0,1.0,629.0,1760.0,1199.0666666666666,1191.0,336.8511969533267,0.09785388635605471,0.09785388635605471,0.0,0.0,33.95969486236572,True,True
full,sbert,SBERT MiniLM-L6-v2,transformer,sentence-transformers/all-MiniLM-L6-v2,spectral,20,,0,30,discretize,0,0,,euclidean,,17986,nearest_neighbors,1.0,0.03007635846734047,4.4234809320818735,0.402556105003781,0.046064393974075905,1.0,20.0,17986.0,0.0,0.0,1.0,175.0,2008.0,899.3,891.5,493.7959193837065,0.11164238852440787,0.11164238852440787,0.0,0.0,276.8465437889099,True,True
full,sbert,SBERT MiniLM-L6-v2,transformer,sentence-transformers/all-MiniLM-L6-v2,spectral,25,,0,20,discretize,0,0,,euclidean,,17986,nearest_neighbors,1.0,0.02994842268526554,4.383738106773809,0.4086973625245378,0.10668719455100505,1.0,25.0,17986.0,0.0,0.0,1.0,79.0,2030.0,719.44,777.0,421.07273290964827,0.11286556210385856,0.11286556210385856,0.0,0.0,231.43564009666443,True,True
full,sbert,SBERT MiniLM-L6-v2,transformer,sentence-transformers/all-MiniLM-L6-v2,spectral,25,,0,0,kmeans,0,0,,euclidean,,17986,rbf,1.0,0.029690658673644066,4.366740336928627,0.33372843107381955,0.030582220106402172,1.0,25.0,17986.0,0.0,0.0,1.0,256.0,1158.0,719.44,732.0,196.857121791415,0.06438340931835872,0.06438340931835872,0.0,0.0,37.661383390426636,True,True
full,sbert,SBERT MiniLM-L6-v2,transformer,sentence-transformers/all-MiniLM-L6-v2,spectral,30,,0,20,discretize,0,0,,euclidean,,17986,nearest_neighbors,1.0,0.02876034937798977,4.38655524269697,0.39223284606820713,0.0951662300232357,1.0,30.0,17986.0,0.0,0.0,1.0,63.0,1478.0,599.5333333333333,649.0,354.04243938952976,0.08217502501945959,0.08217502501945959,0.0,0.0,234.43611860275269,True,True
full,sbert,SBERT MiniLM-L6-v2,transformer,sentence-transformers/all-MiniLM-L6-v2,spectral,20,,0,20,discretize,0,0,,euclidean,,17986,nearest_neighbors,1.0,0.028665782883763313,4.304915754428189,0.4144311212275994,0.09484812814459026,1.0,20.0,17986.0,0.0,0.0,1.0,85.0,2170.0,899.3,849.0,617.5049878341065,0.12064939397309019,0.12064939397309019,0.0,0.0,227.09800601005554,True,True
full,sbert,SBERT MiniLM-L6-v2,transformer,sentence-transformers/all-MiniLM-L6-v2,spectral,15,,0,10,discretize,0,0,,euclidean,,17986,nearest_neighbors,1.0,0.028565868735313416,4.460974788081211,0.38607171439489174,0.04196004465123674,1.0,15.0,17986.0,0.0,0.0,1.0,187.0,3250.0,1199.0666666666666,944.0,855.0573054220142,0.18069609696430558,0.18069609696430558,0.0,0.0,118.4537205696106,True,True
full,sbert,SBERT MiniLM-L6-v2,transformer,sentence-transformers/all-MiniLM-L6-v2,spectral,10,,0,30,discretize,0,0,,euclidean,,17986,nearest_neighbors,1.0,0.028277110308408737,4.572227492164619,0.3182937057168504,0.2566787422248547,1.0,10.0,17986.0,0.0,0.0,1.0,305.0,3739.0,1798.6,1672.5,1110.5300716324614,0.20788390970755033,0.20788390970755033,0.0,0.0,272.1697177886963,True,True
full,sbert,SBERT MiniLM-L6-v2,transformer,sentence-transformers/all-MiniLM-L6-v2,spectral,10,,0,20,discretize,0,0,,euclidean,,17986,nearest_neighbors,1.0,0.02776992693543434,4.577709368858314,0.31997209446511676,0.04240114762308519,1.0,10.0,17986.0,0.0,0.0,1.0,287.0,3771.0,1798.6,1678.5,1115.407566766516,0.2096630712776604,0.2096630712776604,0.0,0.0,217.71475172042847,True,True
full,sbert,SBERT MiniLM-L6-v2,transformer,sentence-transformers/all-MiniLM-L6-v2,spectral,15,,0,30,kmeans,0,0,,euclidean,,17986,nearest_neighbors,1.0,0.027542781084775925,4.293214740450785,0.3268310256873402,0.06589368100295256,1.0,15.0,17986.0,0.0,0.0,1.0,219.0,3799.0,1199.0666666666666,815.0,915.0604691615862,0.21121983765150673,0.21121983765150673,0.0,0.0,282.60861229896545,True,True
full,sbert,SBERT MiniLM-L6-v2,transformer,sentence-transformers/all-MiniLM-L6-v2,spectral,20,,0,10,discretize,0,0,,euclidean,,17986,nearest_neighbors,1.0,0.02708040177822113,4.375853325601457,0.4280544778355013,0.0,1.0,20.0,17986.0,0.0,0.0,1.0,81.0,2390.0,899.3,901.5,654.1632135789966,0.13288112976759703,0.13288112976759703,0.0,0.0,131.73739576339722,True,True
full,sbert,SBERT MiniLM-L6-v2,transformer,sentence-transformers/all-MiniLM-L6-v2,spectral,10,,0,10,discretize,0,0,,euclidean,,17986,nearest_neighbors,1.0,0.02686493657529354,4.634630163821519,0.321092152171804,0.0,1.0,10.0,17986.0,0.0,0.0,1.0,276.0,3763.0,1798.6,1688.0,1103.6524996573876,0.2092182808851329,0.2092182808851329,0.0,0.0,113.7047164440155,True,True
full,sbert,SBERT MiniLM-L6-v2,transformer,sentence-transformers/all-MiniLM-L6-v2,spectral,15,,0,20,discretize,0,0,,euclidean,,17986,nearest_neighbors,1.0,0.026835933327674866,4.382119789582076,0.37590786485241656,0.006913774745673751,1.0,15.0,17986.0,0.0,0.0,1.0,193.0,3373.0,1199.0666666666666,948.0,860.6693106078677,0.1875347492494162,0.1875347492494162,0.0,0.0,222.8484752178192,True,True
full,sbert,SBERT MiniLM-L6-v2,transformer,sentence-transformers/all-MiniLM-L6-v2,spectral,10,,0,30,kmeans,0,0,,euclidean,,17986,nearest_neighbors,1.0,0.025723261758685112,4.373618085552725,0.26223567882943194,0.20533715143364625,1.0,10.0,17986.0,0.0,0.0,1.0,219.0,4809.0,1798.6,1434.0,1453.9388707920289,0.2673746247081063,0.2673746247081063,0.0,0.0,270.57246136665344,True,True
full,sbert,SBERT MiniLM-L6-v2,transformer,sentence-transformers/all-MiniLM-L6-v2,spectral,10,,0,20,kmeans,0,0,,euclidean,,17986,nearest_neighbors,1.0,0.02544579654932022,4.401556701535371,0.2657024065501326,0.2061619028446061,1.0,10.0,17986.0,0.0,0.0,1.0,219.0,4684.0,1798.6,1454.5,1436.0614332263087,0.26042477482486376,0.26042477482486376,0.0,0.0,221.02046036720276,True,True
full,sbert,SBERT MiniLM-L6-v2,transformer,sentence-transformers/all-MiniLM-L6-v2,spectral,30,,0,10,discretize,0,0,,euclidean,,17986,nearest_neighbors,1.0,0.024952011182904243,4.432534416881426,0.40483804838736265,0.0,1.0,30.0,17986.0,0.0,0.0,1.0,66.0,1736.0,599.5333333333333,576.0,462.3741438368812,0.09651951517847214,0.09651951517847214,0.0,0.0,132.60755586624146,True,True
full,sbert,SBERT MiniLM-L6-v2,transformer,sentence-transformers/all-MiniLM-L6-v2,spectral,10,,0,10,kmeans,0,0,,euclidean,,17986,nearest_neighbors,1.0,0.024532701820135117,4.4508107041436045,0.26792662458469607,1.3012360595263893e-08,1.0,10.0,17986.0,0.0,0.0,1.0,211.0,4744.0,1798.6,1457.0,1440.0189026537116,0.2637607027688202,0.2637607027688202,0.0,0.0,116.18770551681519,True,True
full,sbert,SBERT MiniLM-L6-v2,transformer,sentence-transformers/all-MiniLM-L6-v2,spectral,25,,0,10,discretize,0,0,,euclidean,,17986,nearest_neighbors,1.0,0.02431657165288925,4.330341036801499,0.43065127407628556,1.5936821890456778e-08,1.0,25.0,17986.0,0.0,0.0,1.0,27.0,2355.0,719.44,788.0,579.6526601336355,0.1309351718002891,0.1309351718002891,0.0,0.0,130.0143027305603,True,True
full,sbert,SBERT MiniLM-L6-v2,transformer,sentence-transformers/all-MiniLM-L6-v2,spectral,15,,0,20,kmeans,0,0,,euclidean,,17986,nearest_neighbors,1.0,0.023489827290177345,4.015001582824694,0.313979169463883,0.1616402374408909,1.0,15.0,17986.0,0.0,0.0,1.0,27.0,3547.0,1199.0666666666666,763.0,1072.0927488898626,0.19720894028688982,0.19720894028688982,0.0,0.0,225.03958439826965,True,True
full,sbert,SBERT MiniLM-L6-v2,transformer,sentence-transformers/all-MiniLM-L6-v2,spectral,25,,0,30,kmeans,0,0,,euclidean,,17986,nearest_neighbors,1.0,0.022671924903988838,3.973324067071569,0.2537619720441987,0.08821806527501437,1.0,25.0,17986.0,0.0,0.0,1.0,41.0,4214.0,719.44,651.0,799.5374202624915,0.2342933392638719,0.2342933392638719,0.0,0.0,282.19617223739624,True,True
full,sbert,SBERT MiniLM-L6-v2,transformer,sentence-transformers/all-MiniLM-L6-v2,spectral,20,,0,30,kmeans,0,0,,euclidean,,17986,nearest_neighbors,1.0,0.021942993625998497,4.0732495557421595,0.28774126140139183,0.0648430811929668,1.0,20.0,17986.0,0.0,0.0,1.0,64.0,3879.0,899.3,710.0,871.9024658756275,0.21566774157678195,0.21566774157678195,0.0,0.0,282.87360286712646,True,True
full,sbert,SBERT MiniLM-L6-v2,transformer,sentence-transformers/all-MiniLM-L6-v2,spectral,30,,0,30,kmeans,0,0,,euclidean,,17986,nearest_neighbors,1.0,0.021844102069735527,3.9497387129878523,0.29647501147511823,0.12908678932155512,1.0,30.0,17986.0,0.0,0.0,1.0,35.0,3003.0,599.5333333333333,532.0,576.1324346209144,0.16696319359501835,0.16696319359501835,0.0,0.0,289.1415228843689,True,True
full,sbert,SBERT MiniLM-L6-v2,transformer,sentence-transformers/all-MiniLM-L6-v2,spectral,20,,0,20,kmeans,0,0,,euclidean,,17986,nearest_neighbors,1.0,0.021442610770463943,3.8849199538348302,0.32288726752702446,0.13416083595160516,1.0,20.0,17986.0,0.0,0.0,1.0,27.0,3711.0,899.3,711.5,912.817457107389,0.206327143333704,0.206327143333704,0.0,0.0,231.03701210021973,True,True
full,sbert,SBERT MiniLM-L6-v2,transformer,sentence-transformers/all-MiniLM-L6-v2,spectral,20,,0,10,kmeans,0,0,,euclidean,,17986,nearest_neighbors,1.0,0.02099100686609745,3.9679621876770774,0.34000569816017556,0.12137166376279049,1.0,20.0,17986.0,0.0,0.0,1.0,15.0,3454.0,899.3,717.0,882.0306740697854,0.19203825197375737,0.19203825197375737,0.0,0.0,132.7237937450409,True,True
full,sbert,SBERT MiniLM-L6-v2,transformer,sentence-transformers/all-MiniLM-L6-v2,spectral,25,,0,20,kmeans,0,0,,euclidean,,17986,nearest_neighbors,1.0,0.020184148102998734,3.919898462227122,0.27311934899449813,0.12137166376279049,1.0,25.0,17986.0,0.0,0.0,1.0,27.0,3699.0,719.44,604.0,759.0859809007146,0.20565995774491272,0.20565995774491272,0.0,0.0,235.49565243721008,True,True
full,sbert,SBERT MiniLM-L6-v2,transformer,sentence-transformers/all-MiniLM-L6-v2,spectral,15,,0,10,kmeans,0,0,,euclidean,,17986,nearest_neighbors,1.0,0.019613025709986687,3.967923814941643,0.3039950736389486,0.048535984872534584,1.0,15.0,17986.0,0.0,0.0,1.0,28.0,5155.0,1199.0666666666666,799.0,1276.7244791087683,0.28661180918492163,0.28661180918492163,0.0,0.0,121.78110384941101,True,True
full,sbert,SBERT MiniLM-L6-v2,transformer,sentence-transformers/all-MiniLM-L6-v2,spectral,30,,0,20,kmeans,0,0,,euclidean,,17986,nearest_neighbors,1.0,0.017907803878188133,3.8349901960449464,0.26383612918937255,0.12733581690195792,1.0,30.0,17986.0,0.0,0.0,1.0,27.0,3450.0,599.5333333333333,461.0,722.8584800790693,0.1918158567774936,0.1918158567774936,0.0,0.0,238.7339346408844,True,True
full,sbert,SBERT MiniLM-L6-v2,transformer,sentence-transformers/all-MiniLM-L6-v2,spectral,25,,0,10,kmeans,0,0,,euclidean,,17986,nearest_neighbors,1.0,0.01693866401910782,3.7423930050311633,0.306176662808002,0.042904752125276675,1.0,25.0,17986.0,0.0,0.0,1.0,10.0,3800.0,719.44,499.0,871.1431147635847,0.21127543645057267,0.21127543645057267,0.0,0.0,131.91168117523193,True,True
full,sbert,SBERT MiniLM-L6-v2,transformer,sentence-transformers/all-MiniLM-L6-v2,spectral,30,,0,10,kmeans,0,0,,euclidean,,17986,nearest_neighbors,1.0,0.01139187440276146,3.607985092555266,0.309895622653104,0.05769562611471673,1.0,30.0,17986.0,0.0,0.0,1.0,10.0,3433.0,599.5333333333333,317.0,783.9308529597632,0.1908706771933726,0.1908706771933726,0.0,0.0,133.7482705116272,True,True
full,tfidf_baseline,Baseline,static_tfidf_svd,sklearn_pipeline,spectral,30,,0,0,discretize,0,0,,euclidean,,17980,rbf,1.0,0.06492842047668153,3.282894253893444,0.23131998019694036,0.049641935585051394,1.0,30.0,17980.0,0.0,0.0,1.0,298.0,856.0,599.3333333333334,593.0,128.1624836768632,0.047608453837597334,0.047608453837597334,0.0,0.0,36.0317485332489,True,True
full,tfidf_baseline,Baseline,static_tfidf_svd,sklearn_pipeline,spectral,30,,0,0,kmeans,0,0,,euclidean,,17980,rbf,1.0,0.0636547544849303,3.383484898559238,0.17372452852972187,0.03945750049703305,1.0,30.0,17980.0,0.0,0.0,1.0,75.0,2023.0,599.3333333333334,486.5,364.4492038984613,0.1125139043381535,0.1125139043381535,0.0,0.0,38.83725690841675,True,True
full,tfidf_baseline,Baseline,static_tfidf_svd,sklearn_pipeline,spectral,25,,0,0,discretize,0,0,,euclidean,,17980,rbf,1.0,0.061402199544847144,3.3625384576736304,0.2507787644128595,0.05286661102108383,1.0,25.0,17980.0,0.0,0.0,1.0,320.0,1068.0,719.2,734.0,178.1792356028053,0.05939933259176863,0.05939933259176863,0.0,0.0,35.896790742874146,True,True
full,tfidf_baseline,Baseline,static_tfidf_svd,sklearn_pipeline,spectral,30,,0,0,discretize,0,0,,euclidean,,17980,rbf,0.1,0.06100102926387736,3.228787472560789,0.2309618493880537,0.06258232632873621,1.0,30.0,17980.0,0.0,0.0,1.0,321.0,920.0,599.3333333333334,595.0,125.8542366743722,0.05116796440489433,0.05116796440489433,0.0,0.0,37.99119853973389,True,True
full,tfidf_baseline,Baseline,static_tfidf_svd,sklearn_pipeline,spectral,30,,0,30,discretize,0,0,,euclidean,,17980,nearest_neighbors,1.0,0.06063801392151769,3.0926917331941124,0.21076471966961238,0.04740629899205529,1.0,30.0,17980.0,0.0,0.0,1.0,37.0,3360.0,599.3333333333334,436.5,646.7670025252955,0.18687430478309233,0.18687430478309233,0.0,0.0,341.4424612522125,True,True
full,tfidf_baseline,Baseline,static_tfidf_svd,sklearn_pipeline,spectral,30,,0,0,kmeans,0,0,,euclidean,,17980,rbf,0.1,0.06052821978483761,3.4174832233235715,0.20924406999340212,0.024858262939796857,1.0,30.0,17980.0,0.0,0.0,1.0,406.0,1202.0,599.3333333333334,548.5,179.45311984532958,0.06685205784204672,0.06685205784204672,0.0,0.0,40.77963733673096,True,True
full,tfidf_baseline,Baseline,static_tfidf_svd,sklearn_pipeline,spectral,25,,0,0,kmeans,0,0,,euclidean,,17980,rbf,1.0,0.058166530177999394,3.437419951302621,0.18379695047601197,0.050543246800753894,1.0,25.0,17980.0,0.0,0.0,1.0,199.0,2048.0,719.2,546.0,455.9328020662694,0.1139043381535039,0.1139043381535039,0.0,0.0,37.92463231086731,True,True
full,tfidf_baseline,Baseline,static_tfidf_svd,sklearn_pipeline,spectral,20,,0,0,discretize,0,0,,euclidean,,17980,rbf,1.0,0.057228872272424916,3.610263518096187,0.25717579702981896,0.07927322797423073,1.0,20.0,17980.0,0.0,0.0,1.0,358.0,1587.0,899.0,945.5,289.505958487904,0.08826473859844271,0.08826473859844271,0.0,0.0,34.17874360084534,True,True
full,tfidf_baseline,Baseline,static_tfidf_svd,sklearn_pipeline,spectral,25,,0,0,kmeans,0,0,,euclidean,,17980,rbf,0.1,0.05656121197119912,3.672573700654187,0.22547513072319925,0.06193473718500308,1.0,25.0,17980.0,0.0,0.0,1.0,459.0,1626.0,719.2,653.0,262.8316571495907,0.09043381535038932,0.09043381535038932,0.0,0.0,37.35069179534912,True,True
full,tfidf_baseline,Baseline,static_tfidf_svd,sklearn_pipeline,spectral,25,,0,0,discretize,0,0,,euclidean,,17980,rbf,0.1,0.056392507933787375,3.42273951330836,0.2428657130324043,0.0411511021983152,1.0,25.0,17980.0,0.0,0.0,1.0,539.0,1239.0,719.2,664.0,153.6739405364488,0.0689098998887653,0.0689098998887653,0.0,0.0,35.46207666397095,True,True
full,tfidf_baseline,Baseline,static_tfidf_svd,sklearn_pipeline,spectral,30,,0,20,discretize,0,0,,euclidean,,17980,nearest_neighbors,1.0,0.05610235699444558,3.115829030798633,0.20556385409164896,0.07507655270489585,1.0,30.0,17980.0,0.0,0.0,1.0,35.0,3374.0,599.3333333333334,431.0,671.146895661118,0.18765294771968855,0.18765294771968855,0.0,0.0,356.4755480289459,True,True
full,tfidf_baseline,Baseline,static_tfidf_svd,sklearn_pipeline,spectral,20,,0,0,kmeans,0,0,,euclidean,,17980,rbf,1.0,0.05373982194272118,3.6300853443395162,0.19459608239985945,0.03774686603004992,1.0,20.0,17980.0,0.0,0.0,1.0,210.0,2538.0,899.0,716.0,571.9665199992041,0.14115684093437153,0.14115684093437153,0.0,0.0,36.436301946640015,True,True
full,tfidf_baseline,Baseline,static_tfidf_svd,sklearn_pipeline,spectral,25,,0,30,discretize,0,0,,euclidean,,17980,nearest_neighbors,1.0,0.053471459297388675,3.182137565203286,0.19426098873156625,0.07507655270489585,1.0,25.0,17980.0,0.0,0.0,1.0,36.0,3930.0,719.2,482.0,824.9845574312285,0.2185761957730812,0.2185761957730812,0.0,0.0,341.10512113571167,True,True
full,tfidf_baseline,Baseline,static_tfidf_svd,sklearn_pipeline,spectral,20,,0,0,kmeans,0,0,,euclidean,,17980,rbf,0.1,0.05205079494861872,3.9570673656790456,0.22115311446638714,0.06491201408409739,1.0,20.0,17980.0,0.0,0.0,1.0,515.0,1992.0,899.0,836.0,358.0854646589275,0.11078976640711902,0.11078976640711902,0.0,0.0,36.203027963638306,True,True
full,tfidf_baseline,Baseline,static_tfidf_svd,sklearn_pipeline,spectral,25,,0,20,discretize,0,0,,euclidean,,17980,nearest_neighbors,1.0,0.051849703000649956,3.1742071009570605,0.18499683667302846,0.07507655270489585,1.0,25.0,17980.0,0.0,0.0,1.0,35.0,4322.0,719.2,487.0,889.2858707974618,0.2403781979977753,0.2403781979977753,0.0,0.0,350.275999546051,True,True
full,tfidf_baseline,Baseline,static_tfidf_svd,sklearn_pipeline,spectral,20,,0,0,discretize,0,0,,euclidean,,17980,rbf,0.1,0.05131734317514885,3.6344084917353676,0.24896482908952958,0.03353335304989396,1.0,20.0,17980.0,0.0,0.0,1.0,641.0,1460.0,899.0,816.0,204.7061308314922,0.08120133481646273,0.08120133481646273,0.0,0.0,34.83411383628845,True,True
full,tfidf_baseline,Baseline,static_tfidf_svd,sklearn_pipeline,spectral,15,,0,0,kmeans,0,0,,euclidean,,17980,rbf,0.1,0.04778129861668896,4.055037192049413,0.23335838280239984,0.05170873275076978,1.0,15.0,17980.0,0.0,0.0,1.0,608.0,2095.0,1198.6666666666667,1121.0,367.37567814008713,0.11651835372636263,0.11651835372636263,0.0,0.0,33.598198890686035,True,True
full,tfidf_baseline,Baseline,static_tfidf_svd,sklearn_pipeline,spectral,20,,0,20,discretize,0,0,,euclidean,,17980,nearest_neighbors,1.0,0.0469340944312216,3.2080235059739466,0.18343618433514855,0.0757942783397234,1.0,20.0,17980.0,0.0,0.0,1.0,36.0,5151.0,899.0,589.0,1163.8372738488831,0.2864849833147942,0.2864849833147942,0.0,0.0,349.5716977119446,True,True
full,tfidf_baseline,Baseline,static_tfidf_svd,sklearn_pipeline,spectral,15,,0,0,discretize,0,0,,euclidean,,17980,rbf,1.0,0.046778279784379276,3.9479104276416863,0.2605855318164805,0.00756991618831342,1.0,15.0,17980.0,0.0,0.0,1.0,784.0,1791.0,1198.6666666666667,1114.0,300.1667684619483,0.09961067853170189,0.09961067853170189,0.0,0.0,37.29594850540161,True,True
full,tfidf_baseline,Baseline,static_tfidf_svd,sklearn_pipeline,spectral,30,,0,30,kmeans,0,0,,euclidean,,17980,nearest_neighbors,1.0,0.04669592660783537,2.698751141443206,0.09030704568147707,0.04740266876362042,1.0,30.0,17980.0,0.0,0.0,1.0,30.0,7290.0,599.3333333333334,329.5,1288.2890807406372,0.40545050055617354,0.40545050055617354,0.0,0.0,345.4889771938324,True,True
full,tfidf_baseline,Baseline,static_tfidf_svd,sklearn_pipeline,spectral,15,,0,0,discretize,0,0,,euclidean,,17980,rbf,0.1,0.04668425207590271,3.9395560154782108,0.25514380042241463,0.033522606290436394,1.0,15.0,17980.0,0.0,0.0,1.0,904.0,1694.0,1198.6666666666667,1180.0,240.8658455563087,0.09421579532814238,0.09421579532814238,0.0,0.0,31.608428955078125,True,True
full,tfidf_baseline,Baseline,static_tfidf_svd,sklearn_pipeline,spectral,15,,0,0,kmeans,0,0,,euclidean,,17980,rbf,1.0,0.04481626639439773,3.94145269632538,0.20117339632639214,0.03866122778117126,1.0,15.0,17980.0,0.0,0.0,1.0,506.0,2500.0,1198.6666666666667,986.0,634.9223224580749,0.13904338153503892,0.13904338153503892,0.0,0.0,35.60922861099243,True,True
full,tfidf_baseline,Baseline,static_tfidf_svd,sklearn_pipeline,spectral,30,,0,10,discretize,0,0,,euclidean,,17980,nearest_neighbors,1.0,0.04408287874112937,3.127600837190558,0.19738636956925226,0.0,1.0,30.0,17980.0,0.0,0.0,1.0,25.0,3689.0,599.3333333333334,363.5,763.9414171838629,0.20517241379310344,0.20517241379310344,0.0,0.0,184.79192924499512,True,True
full,tfidf_baseline,Baseline,static_tfidf_svd,sklearn_pipeline,spectral,25,,0,30,kmeans,0,0,,euclidean,,17980,nearest_neighbors,1.0,0.04405857876657957,2.8261446595912023,0.105320412411053,0.02540251900973613,1.0,25.0,17980.0,0.0,0.0,1.0,30.0,6824.0,719.2,378.0,1324.7759357717819,0.37953281423804225,0.37953281423804225,0.0,0.0,345.3561522960663,True,True
full,tfidf_baseline,Baseline,static_tfidf_svd,sklearn_pipeline,spectral,20,,0,30,discretize,0,0,,euclidean,,17980,nearest_neighbors,1.0,0.04360064153233811,3.2041052406256183,0.16143357317764745,0.0692504728768139,1.0,20.0,17980.0,0.0,0.0,1.0,37.0,5663.0,899.0,523.0,1252.547683723059,0.3149610678531702,0.3149610678531702,0.0,0.0,357.5372064113617,True,True
full,tfidf_baseline,Baseline,static_tfidf_svd,sklearn_pipeline,spectral,10,,0,0,discretize,0,0,,euclidean,,17980,rbf,1.0,0.042756930518663964,4.390470702091246,0.23324065295931629,0.07386835261555966,1.0,10.0,17980.0,0.0,0.0,1.0,896.0,2630.0,1798.0,1704.5,467.60239520344635,0.14627363737486096,0.14627363737486096,0.0,0.0,29.461037635803223,True,True
full,tfidf_baseline,Baseline,static_tfidf_svd,sklearn_pipeline,spectral,15,,0,30,discretize,0,0,,euclidean,,17980,nearest_neighbors,1.0,0.04182322786912393,3.2807473521104575,0.17574179530542813,0.14105122874221385,1.0,15.0,17980.0,0.0,0.0,1.0,38.0,5386.0,1198.6666666666667,506.0,1516.0859107876731,0.29955506117908787,0.29955506117908787,0.0,0.0,343.0259265899658,True,True
full,tfidf_baseline,Baseline,static_tfidf_svd,sklearn_pipeline,spectral,30,,0,20,kmeans,0,0,,euclidean,,17980,nearest_neighbors,1.0,0.041655240465624445,2.733504504744304,0.11454028861536507,0.02037325708863909,1.0,30.0,17980.0,0.0,0.0,1.0,20.0,6196.0,599.3333333333334,329.5,1120.7684962659428,0.3446051167964405,0.3446051167964405,0.0,0.0,356.5290856361389,True,True
full,tfidf_baseline,Baseline,static_tfidf_svd,sklearn_pipeline,spectral,10,,0,0,kmeans,0,0,,euclidean,,17980,rbf,1.0,0.041480775911298104,4.453401049067409,0.17237718867701113,0.03910077841935681,1.0,10.0,17980.0,0.0,0.0,1.0,631.0,3674.0,1798.0,1544.5,884.2714515351041,0.20433815350389323,0.20433815350389323,0.0,0.0,30.8436439037323,True,True
full,tfidf_baseline,Baseline,static_tfidf_svd,sklearn_pipeline,spectral,15,,0,20,discretize,0,0,,euclidean,,17980,nearest_neighbors,1.0,0.04099843550106157,3.2596026009529258,0.17516854557288689,0.10853672930757091,1.0,15.0,17980.0,0.0,0.0,1.0,36.0,5494.0,1198.6666666666667,510.0,1521.874443645803,0.30556173526140157,0.30556173526140157,0.0,0.0,346.45166301727295,True,True
full,tfidf_baseline,Baseline,static_tfidf_svd,sklearn_pipeline,spectral,10,,0,0,kmeans,0,0,,euclidean,,17980,rbf,0.1,0.04027594047887583,4.614147858948329,0.21638210710112352,0.05348798038624637,1.0,10.0,17980.0,0.0,0.0,1.0,1345.0,2278.0,1798.0,1772.0,317.8965240451679,0.12669632925472749,0.12669632925472749,0.0,0.0,31.05196976661682,True,True
full,tfidf_baseline,Baseline,static_tfidf_svd,sklearn_pipeline,spectral,10,,0,0,discretize,0,0,,euclidean,,17980,rbf,0.1,0.03967694719332195,4.442651168877736,0.24126247851850363,0.05170873275076978,1.0,10.0,17980.0,0.0,0.0,1.0,1432.0,2247.0,1798.0,1731.0,259.18410445087096,0.12497219132369299,0.12497219132369299,0.0,0.0,32.957046031951904,True,True
full,tfidf_baseline,Baseline,static_tfidf_svd,sklearn_pipeline,spectral,20,,0,20,kmeans,0,0,,euclidean,,17980,nearest_neighbors,1.0,0.03909661329248646,2.7915447707142866,0.10147667029510611,0.09413252239638824,1.0,20.0,17980.0,0.0,0.0,1.0,27.0,7916.0,899.0,415.0,1701.0485001903974,0.4402669632925473,0.4402669632925473,0.0,0.0,351.97401309013367,True,True
full,tfidf_baseline,Baseline,static_tfidf_svd,sklearn_pipeline,spectral,15,,0,30,kmeans,0,0,,euclidean,,17980,nearest_neighbors,1.0,0.03783166571293248,2.845975633290471,0.10638258451848964,0.051219082557475135,1.0,15.0,17980.0,0.0,0.0,1.0,30.0,8181.0,1198.6666666666667,378.0,2036.3914380317183,0.4550055617352614,0.4550055617352614,0.0,0.0,337.8429298400879,True,True
full,tfidf_baseline,Baseline,static_tfidf_svd,sklearn_pipeline,spectral,25,,0,10,discretize,0,0,,euclidean,,17980,nearest_neighbors,1.0,0.03693797528785492,3.180397534386927,0.17870640189752665,0.0757942783397234,1.0,25.0,17980.0,0.0,0.0,1.0,28.0,5049.0,719.2,427.0,1041.7107468006654,0.28081201334816464,0.28081201334816464,0.0,0.0,181.16887640953064,True,True
full,tfidf_baseline,Baseline,static_tfidf_svd,sklearn_pipeline,spectral,20,,0,30,kmeans,0,0,,euclidean,,17980,nearest_neighbors,1.0,0.03623825681865576,2.782211744708133,0.09078352768792286,0.02037325708863909,1.0,20.0,17980.0,0.0,0.0,1.0,30.0,8290.0,899.0,361.5,1780.8505832887834,0.4610678531701891,0.4610678531701891,0.0,0.0,344.32666087150574,True,True
full,tfidf_baseline,Baseline,static_tfidf_svd,sklearn_pipeline,spectral,25,,0,20,kmeans,0,0,,euclidean,,17980,nearest_neighbors,1.0,0.034968769481312896,2.7446286018561965,0.10704021191285809,0.0,1.0,25.0,17980.0,0.0,0.0,1.0,20.0,6947.0,719.2,345.0,1369.5522479993233,0.3863737486095662,0.3863737486095662,0.0,0.0,352.3821861743927,True,True
full,tfidf_baseline,Baseline,static_tfidf_svd,sklearn_pipeline,spectral,15,,0,20,kmeans,0,0,,euclidean,,17980,nearest_neighbors,1.0,0.03319247163354505,2.7612622983961317,0.06633815392670274,0.14104042747334788,1.0,15.0,17980.0,0.0,0.0,1.0,27.0,10415.0,1198.6666666666667,382.0,2519.367610245785,0.5792547274749722,0.5792547274749722,0.0,0.0,348.9532070159912,True,True
full,tfidf_baseline,Baseline,static_tfidf_svd,sklearn_pipeline,spectral,20,,0,10,discretize,0,0,,euclidean,,17980,nearest_neighbors,1.0,0.031175746554588303,3.130710384279343,0.17674910872851085,0.0757942783397234,1.0,20.0,17980.0,0.0,0.0,1.0,31.0,5533.0,899.0,351.5,1318.8084773764535,0.3077308120133482,0.3077308120133482,0.0,0.0,180.28311896324158,True,True
full,tfidf_baseline,Baseline,static_tfidf_svd,sklearn_pipeline,spectral,10,,0,30,kmeans,0,0,,euclidean,,17980,nearest_neighbors,1.0,0.031154775401399357,2.929047494784676,0.09059591530692751,0.07978878459505134,1.0,10.0,17980.0,0.0,0.0,1.0,30.0,8832.0,1798.0,279.5,2829.6916439781917,0.49121245828698556,0.49121245828698556,0.0,0.0,335.71746921539307,True,True
full,tfidf_baseline,Baseline,static_tfidf_svd,sklearn_pipeline,spectral,10,,0,30,discretize,0,0,,euclidean,,17980,nearest_neighbors,1.0,0.03109584570879011,3.2008630041999604,0.11144172556917831,0.025298867329818814,1.0,10.0,17980.0,0.0,0.0,1.0,37.0,7481.0,1798.0,367.0,2577.215939730313,0.4160734149054505,0.4160734149054505,0.0,0.0,337.21430373191833,True,True
full,tfidf_baseline,Baseline,static_tfidf_svd,sklearn_pipeline,spectral,30,,0,10,kmeans,0,0,,euclidean,,17980,nearest_neighbors,1.0,0.030752156086414854,2.6353785923585713,0.11330359722176583,0.12347303057826385,1.0,30.0,17980.0,0.0,0.0,1.0,13.0,6497.0,599.3333333333334,254.5,1190.2591687900954,0.3613459399332592,0.3613459399332592,0.0,0.0,197.83995938301086,True,True
full,tfidf_baseline,Baseline,static_tfidf_svd,sklearn_pipeline,spectral,15,,0,10,discretize,0,0,,euclidean,,17980,nearest_neighbors,1.0,0.028204989318553635,3.1793551712251027,0.15925147608317566,8.983101512669362e-09,1.0,15.0,17980.0,0.0,0.0,1.0,35.0,6061.0,1198.6666666666667,272.0,1688.3269693858342,0.3370967741935484,0.3370967741935484,0.0,0.0,172.81740641593933,True,True
full,tfidf_baseline,Baseline,static_tfidf_svd,sklearn_pipeline,spectral,15,,0,10,kmeans,0,0,,euclidean,,17980,nearest_neighbors,1.0,0.02240272840538804,2.73233462376288,0.10667925185195751,0.13615841334757153,1.0,15.0,17980.0,0.0,0.0,1.0,13.0,8275.0,1198.6666666666667,187.0,2094.4722697827465,0.46023359288097887,0.46023359288097887,0.0,0.0,176.26384115219116,True,True
full,tfidf_baseline,Baseline,static_tfidf_svd,sklearn_pipeline,spectral,25,,0,10,kmeans,0,0,,euclidean,,17980,nearest_neighbors,1.0,0.021940808107304303,2.5565080947718806,0.09302053924274148,0.11183799479790463,1.0,25.0,17980.0,0.0,0.0,1.0,13.0,8215.0,719.2,156.0,1612.01962767207,0.45689655172413796,0.45689655172413796,0.0,0.0,183.887305021286,True,True
full,tfidf_baseline,Baseline,static_tfidf_svd,sklearn_pipeline,spectral,10,,0,20,discretize,0,0,,euclidean,,17980,nearest_neighbors,1.0,0.021264206480079758,2.993767196982353,0.08862341613524477,0.15977550436595447,1.0,10.0,17980.0,0.0,0.0,1.0,36.0,8506.0,1798.0,201.0,2982.5250711435774,0.47308120133481646,0.47308120133481646,0.0,0.0,338.885107755661,True,True
full,tfidf_baseline,Baseline,static_tfidf_svd,sklearn_pipeline,spectral,10,,0,20,kmeans,0,0,,euclidean,,17980,nearest_neighbors,1.0,0.020905664078005967,2.6629800384031412,0.07960539601782182,0.0,1.0,10.0,17980.0,0.0,0.0,1.0,27.0,9049.0,1798.0,149.0,3105.8840287428634,0.5032814238042269,0.5032814238042269,0.0,0.0,347.68355202674866,True,True
full,tfidf_baseline,Baseline,static_tfidf_svd,sklearn_pipeline,spectral,20,,0,10,kmeans,0,0,,euclidean,,17980,nearest_neighbors,1.0,0.020653727452350293,2.619038046685451,0.10684233496769725,0.004033202476656896,1.0,20.0,17980.0,0.0,0.0,1.0,13.0,7920.0,899.0,264.0,1751.0581657957568,0.44048943270300334,0.44048943270300334,0.0,0.0,181.70435190200806,True,True
full,tfidf_baseline,Baseline,static_tfidf_svd,sklearn_pipeline,spectral,10,,0,10,discretize,0,0,,euclidean,,17980,nearest_neighbors,1.0,0.012030984349082317,3.0087942355811315,0.0821199920803528,0.1613029449738324,1.0,10.0,17980.0,0.0,0.0,1.0,36.0,8584.0,1798.0,98.0,3073.3840306736806,0.4774193548387097,0.4774193548387097,0.0,0.0,171.08262038230896,True,True
full,tfidf_baseline,Baseline,static_tfidf_svd,sklearn_pipeline,spectral,10,,0,10,kmeans,0,0,,euclidean,,17980,nearest_neighbors,1.0,0.01141265064445769,2.568295239374561,0.07688114346571558,0.15977550436595447,1.0,10.0,17980.0,0.0,0.0,1.0,13.0,8959.0,1798.0,85.5,3175.2414396388817,0.4982758620689655,0.4982758620689655,0.0,0.0,173.58321285247803,True,True
full,tfidf_baseline,Baseline,static_tfidf_svd,sklearn_pipeline,spectral,15,,0,0,kmeans,0,0,,euclidean,,17980,rbf,10.0,-0.04054614003362854,1.990643416156199,0.062177734508106694,0.2656650116029129,1.0,15.0,17980.0,0.0,0.0,1.0,2.0,10822.0,1198.6666666666667,19.0,2922.189445528054,0.6018909899888766,0.6018909899888766,5.0,0.0008898776418242492,98.1556875705719,True,True
full,tfidf_var_max_features_15000,Variation: max_features_15000,static_tfidf_svd,sklearn_pipeline,spectral,30,,0,0,discretize,0,0,,euclidean,,17980,rbf,1.0,0.06625138110817608,3.219138892807582,0.23763477119497284,0.08139202755948001,1.0,30.0,17980.0,0.0,0.0,1.0,293.0,871.0,599.3333333333334,584.0,138.84459738218922,0.04844271412680756,0.04844271412680756,0.0,0.0,38.20365571975708,True,True
full,tfidf_var_max_features_15000,Variation: max_features_15000,static_tfidf_svd,sklearn_pipeline,spectral,30,,0,0,kmeans,0,0,,euclidean,,17980,rbf,1.0,0.0643967148882674,3.421811316906745,0.17548876696795362,0.02523990376482702,1.0,30.0,17980.0,0.0,0.0,1.0,75.0,2310.0,599.3333333333334,498.0,377.9307108746552,0.12847608453837597,0.12847608453837597,0.0,0.0,47.4081015586853,True,True
full,tfidf_var_max_features_15000,Variation: max_features_15000,static_tfidf_svd,sklearn_pipeline,spectral,25,,0,0,discretize,0,0,,euclidean,,17980,rbf,1.0,0.0636033581979407,3.325373600809487,0.2502271061388189,0.05226065426624215,1.0,25.0,17980.0,0.0,0.0,1.0,313.0,1147.0,719.2,654.0,211.53042334378287,0.06379310344827586,0.06379310344827586,0.0,0.0,35.508174657821655,True,True
full,tfidf_var_max_features_15000,Variation: max_features_15000,static_tfidf_svd,sklearn_pipeline,spectral,30,,0,30,discretize,0,0,,euclidean,,17980,nearest_neighbors,1.0,0.061898425510963286,3.1008110466376553,0.22399961436185012,0.0798622683106697,1.0,30.0,17980.0,0.0,0.0,1.0,35.0,3083.0,599.3333333333334,447.5,619.8250470002716,0.17146829810901001,0.17146829810901001,0.0,0.0,412.62592339515686,True,True
full,tfidf_var_max_features_15000,Variation: max_features_15000,static_tfidf_svd,sklearn_pipeline,spectral,30,,0,0,kmeans,0,0,,euclidean,,17980,rbf,0.1,0.06130168810209418,3.4245306286991055,0.21553488958412848,0.04741633626872255,1.0,30.0,17980.0,0.0,0.0,1.0,390.0,1212.0,599.3333333333334,535.0,177.21575049137766,0.06740823136818687,0.06740823136818687,0.0,0.0,40.78746771812439,True,True
full,tfidf_var_max_features_15000,Variation: max_features_15000,static_tfidf_svd,sklearn_pipeline,spectral,30,,0,0,discretize,0,0,,euclidean,,17980,rbf,0.1,0.060044519886319536,3.2430320440116036,0.2327579037146212,0.0650253495976975,1.0,30.0,17980.0,0.0,0.0,1.0,390.0,942.0,599.3333333333334,587.5,125.71776149596188,0.05239154616240267,0.05239154616240267,0.0,0.0,44.9867217540741,True,True
full,tfidf_var_max_features_15000,Variation: max_features_15000,static_tfidf_svd,sklearn_pipeline,spectral,25,,0,0,kmeans,0,0,,euclidean,,17980,rbf,1.0,0.05927857893667328,3.4623382570547347,0.18805166883911573,0.05226065426624215,1.0,25.0,17980.0,0.0,0.0,1.0,206.0,2202.0,719.2,554.0,445.1507609787947,0.12246941045606229,0.12246941045606229,0.0,0.0,44.8799147605896,True,True
full,tfidf_var_max_features_15000,Variation: max_features_15000,static_tfidf_svd,sklearn_pipeline,spectral,20,,0,0,discretize,0,0,,euclidean,,17980,rbf,1.0,0.05853924056396341,3.5981974117527216,0.2689955851282041,0.059703922420066155,1.0,20.0,17980.0,0.0,0.0,1.0,352.0,1613.0,899.0,895.0,301.03704091025077,0.08971078976640712,0.08971078976640712,0.0,0.0,34.559183835983276,True,True
full,tfidf_var_max_features_15000,Variation: max_features_15000,static_tfidf_svd,sklearn_pipeline,spectral,25,,0,0,kmeans,0,0,,euclidean,,17980,rbf,0.1,0.057691221271055075,3.651807137044559,0.23306138779889418,0.012175095873200304,1.0,25.0,17980.0,0.0,0.0,1.0,464.0,1615.0,719.2,661.0,266.3951951518645,0.08982202447163515,0.08982202447163515,0.0,0.0,37.668631076812744,True,True
full,tfidf_var_max_features_15000,Variation: max_features_15000,static_tfidf_svd,sklearn_pipeline,spectral,30,,0,20,discretize,0,0,,euclidean,,17980,nearest_neighbors,1.0,0.057117448296844536,3.1171921524316293,0.22119324191946768,0.04492171658245149,1.0,30.0,17980.0,0.0,0.0,1.0,34.0,3116.0,599.3333333333334,450.0,634.7671138999632,0.17330367074527253,0.17330367074527253,0.0,0.0,281.0447347164154,True,True
full,tfidf_var_max_features_15000,Variation: max_features_15000,static_tfidf_svd,sklearn_pipeline,spectral,25,,0,0,discretize,0,0,,euclidean,,17980,rbf,0.1,0.05665131842083295,3.4228300447321818,0.24446046206378239,0.040475834988361874,1.0,25.0,17980.0,0.0,0.0,1.0,501.0,1221.0,719.2,677.0,158.43964150426496,0.06790878754171302,0.06790878754171302,0.0,0.0,35.87630867958069,True,True
full,tfidf_var_max_features_15000,Variation: max_features_15000,static_tfidf_svd,sklearn_pipeline,spectral,25,,0,30,discretize,0,0,,euclidean,,17980,nearest_neighbors,1.0,0.05497585091954826,3.1778649128720353,0.20702291112001175,0.0,1.0,25.0,17980.0,0.0,0.0,1.0,36.0,3651.0,719.2,484.0,797.9531815839824,0.20305895439377086,0.20305895439377086,0.0,0.0,411.2781457901001,True,True
full,tfidf_var_max_features_15000,Variation: max_features_15000,static_tfidf_svd,sklearn_pipeline,spectral,20,,0,0,kmeans,0,0,,euclidean,,17980,rbf,1.0,0.054626014300970624,3.5826913543961085,0.20512748309110926,0.04741633626872255,1.0,20.0,17980.0,0.0,0.0,1.0,207.0,2403.0,899.0,719.0,567.8183688469404,0.13364849833147943,0.13364849833147943,0.0,0.0,36.46690106391907,True,True
full,tfidf_var_max_features_15000,Variation: max_features_15000,static_tfidf_svd,sklearn_pipeline,spectral,20,,0,0,kmeans,0,0,,euclidean,,17980,rbf,0.1,0.05248783576984695,3.946831287367646,0.22516480566406602,0.030767433358153348,1.0,20.0,17980.0,0.0,0.0,1.0,501.0,1922.0,899.0,849.5,339.8955721982856,0.10689655172413794,0.10689655172413794,0.0,0.0,36.06825089454651,True,True
full,tfidf_var_max_features_15000,Variation: max_features_15000,static_tfidf_svd,sklearn_pipeline,spectral,20,,0,0,discretize,0,0,,euclidean,,17980,rbf,0.1,0.052200010466000264,3.833545282777371,0.25678513458929,0.030321726056751097,1.0,20.0,17980.0,0.0,0.0,1.0,655.0,1489.0,899.0,831.5,205.04560468344596,0.08281423804226919,0.08281423804226919,0.0,0.0,34.25226140022278,True,True
full,tfidf_var_max_features_15000,Variation: max_features_15000,static_tfidf_svd,sklearn_pipeline,spectral,15,,0,0,discretize,0,0,,euclidean,,17980,rbf,1.0,0.04913984948992423,3.91197266587563,0.2711324679169812,0.004276161048334152,1.0,15.0,17980.0,0.0,0.0,1.0,747.0,1793.0,1198.6666666666667,1126.0,303.82224335218706,0.09972191323692992,0.09972191323692992,0.0,0.0,32.80548620223999,True,True
full,tfidf_var_max_features_15000,Variation: max_features_15000,static_tfidf_svd,sklearn_pipeline,spectral,15,,0,0,kmeans,0,0,,euclidean,,17980,rbf,0.1,0.04912161472790568,3.99679468063667,0.2508123105264534,0.05708902045323818,1.0,15.0,17980.0,0.0,0.0,1.0,604.0,1912.0,1198.6666666666667,1198.0,367.0425346226541,0.10634037819799777,0.10634037819799777,0.0,0.0,34.15014934539795,True,True
full,tfidf_var_max_features_15000,Variation: max_features_15000,static_tfidf_svd,sklearn_pipeline,spectral,30,,0,30,kmeans,0,0,,euclidean,,17980,nearest_neighbors,1.0,0.048505531580559556,2.714482712717901,0.09479277836661733,0.017691451648750054,1.0,30.0,17980.0,0.0,0.0,1.0,29.0,7197.0,599.3333333333334,348.0,1270.5522508823565,0.4002780867630701,0.4002780867630701,0.0,0.0,415.75815653800964,True,True
full,tfidf_var_max_features_15000,Variation: max_features_15000,static_tfidf_svd,sklearn_pipeline,spectral,15,,0,0,discretize,0,0,,euclidean,,17980,rbf,0.1,0.0471227295844059,3.955631053859315,0.2582476918882085,0.007762669649173112,1.0,15.0,17980.0,0.0,0.0,1.0,866.0,1700.0,1198.6666666666667,1147.0,248.37194330725487,0.09454949944382647,0.09454949944382647,0.0,0.0,31.883379697799683,True,True
full,tfidf_var_max_features_15000,Variation: max_features_15000,static_tfidf_svd,sklearn_pipeline,spectral,25,,0,20,discretize,0,0,,euclidean,,17980,nearest_neighbors,1.0,0.04697063708326885,3.1569213840282497,0.190827931861526,0.004011298184327649,1.0,25.0,17980.0,0.0,0.0,1.0,34.0,4362.0,719.2,468.0,919.111092306039,0.24260289210233593,0.24260289210233593,0.0,0.0,278.9939856529236,True,True
full,tfidf_var_max_features_15000,Variation: max_features_15000,static_tfidf_svd,sklearn_pipeline,spectral,20,,0,30,discretize,0,0,,euclidean,,17980,nearest_neighbors,1.0,0.046355412088761073,3.2582639233843187,0.18121900866010182,0.12680363571894565,1.0,20.0,17980.0,0.0,0.0,1.0,37.0,5038.0,899.0,569.5,1140.245456031288,0.28020022246941045,0.28020022246941045,0.0,0.0,411.038277387619,True,True
full,tfidf_var_max_features_15000,Variation: max_features_15000,static_tfidf_svd,sklearn_pipeline,spectral,25,,0,30,kmeans,0,0,,euclidean,,17980,nearest_neighbors,1.0,0.04610014811090252,2.8780904667170772,0.1183581880269076,0.04492171658245149,1.0,25.0,17980.0,0.0,0.0,1.0,29.0,6510.0,719.2,379.0,1265.991879910768,0.3620689655172414,0.3620689655172414,0.0,0.0,415.36361503601074,True,True
full,tfidf_var_max_features_15000,Variation: max_features_15000,static_tfidf_svd,sklearn_pipeline,spectral,15,,0,0,kmeans,0,0,,euclidean,,17980,rbf,1.0,0.04548937945824546,4.068385363778334,0.20399604046322756,0.07880472218027744,1.0,15.0,17980.0,0.0,0.0,1.0,512.0,2605.0,1198.6666666666667,945.0,644.0797742171039,0.14488320355951056,0.14488320355951056,0.0,0.0,35.75971221923828,True,True
full,tfidf_var_max_features_15000,Variation: max_features_15000,static_tfidf_svd,sklearn_pipeline,spectral,10,,0,0,discretize,0,0,,euclidean,,17980,rbf,1.0,0.04326464438098389,4.364789692047816,0.23704251733428527,0.0907414526169699,1.0,10.0,17980.0,0.0,0.0,1.0,890.0,2603.0,1798.0,1694.5,468.9496774708348,0.14477196885428253,0.14477196885428253,0.0,0.0,32.98332929611206,True,True
full,tfidf_var_max_features_15000,Variation: max_features_15000,static_tfidf_svd,sklearn_pipeline,spectral,15,,0,30,discretize,0,0,,euclidean,,17980,nearest_neighbors,1.0,0.04223509775915796,3.2746992661776546,0.17507785754303248,1.5142840402353555e-08,1.0,15.0,17980.0,0.0,0.0,1.0,37.0,5360.0,1198.6666666666667,509.0,1495.1463993721668,0.29810901001112344,0.29810901001112344,0.0,0.0,400.66462206840515,True,True
full,tfidf_var_max_features_15000,Variation: max_features_15000,static_tfidf_svd,sklearn_pipeline,spectral,10,,0,0,kmeans,0,0,,euclidean,,17980,rbf,1.0,0.04175618874658966,4.440170015882446,0.1766399991069676,0.09336705933427274,1.0,10.0,17980.0,0.0,0.0,1.0,625.0,3612.0,1798.0,1567.0,871.6034648852653,0.20088987764182425,0.20088987764182425,0.0,0.0,33.8613543510437,True,True
full,tfidf_var_max_features_15000,Variation: max_features_15000,static_tfidf_svd,sklearn_pipeline,spectral,20,,0,20,discretize,0,0,,euclidean,,17980,nearest_neighbors,1.0,0.04164643527719069,3.1577893075217203,0.18279498366312644,0.05132110327335701,1.0,20.0,17980.0,0.0,0.0,1.0,35.0,5178.0,899.0,465.5,1228.8292802501087,0.28798665183537264,0.28798665183537264,0.0,0.0,283.67818307876587,True,True
full,tfidf_var_max_features_15000,Variation: max_features_15000,static_tfidf_svd,sklearn_pipeline,spectral,30,,0,20,kmeans,0,0,,euclidean,,17980,nearest_neighbors,1.0,0.0414649534266488,2.6555932194512004,0.09225611450953192,1.2687374589296217e-08,1.0,30.0,17980.0,0.0,0.0,1.0,20.0,7280.0,599.3333333333334,343.5,1293.0842285876904,0.40489432703003336,0.40489432703003336,0.0,0.0,284.6002767086029,True,True
full,tfidf_var_max_features_15000,Variation: max_features_15000,static_tfidf_svd,sklearn_pipeline,spectral,10,,0,0,kmeans,0,0,,euclidean,,17980,rbf,0.1,0.04030048570074207,4.636915092521827,0.21719260969194176,0.01724064156951059,1.0,10.0,17980.0,0.0,0.0,1.0,1311.0,2360.0,1798.0,1789.5,322.25424745067363,0.13125695216907676,0.13125695216907676,0.0,0.0,31.70771551132202,True,True
full,tfidf_var_max_features_15000,Variation: max_features_15000,static_tfidf_svd,sklearn_pipeline,spectral,10,,0,0,discretize,0,0,,euclidean,,17980,rbf,0.1,0.03996597961597006,4.415673768770485,0.24278789940563117,0.03829597967958824,1.0,10.0,17980.0,0.0,0.0,1.0,1483.0,2113.0,1798.0,1748.0,199.90947951510455,0.1175194660734149,0.1175194660734149,0.0,0.0,29.09457230567932,True,True
full,tfidf_var_max_features_15000,Variation: max_features_15000,static_tfidf_svd,sklearn_pipeline,spectral,15,,0,20,discretize,0,0,,euclidean,,17980,nearest_neighbors,1.0,0.03781495752196054,3.250284312604968,0.17551435340611923,0.08522962072158535,1.0,15.0,17980.0,0.0,0.0,1.0,34.0,5354.0,1198.6666666666667,426.0,1522.2305417453108,0.2977753058954394,0.2977753058954394,0.0,0.0,272.7428414821625,True,True
full,tfidf_var_max_features_15000,Variation: max_features_15000,static_tfidf_svd,sklearn_pipeline,spectral,20,,0,30,kmeans,0,0,,euclidean,,17980,nearest_neighbors,1.0,0.03694133184377298,2.7986256861003533,0.09133297525029951,0.01724064156951059,1.0,20.0,17980.0,0.0,0.0,1.0,29.0,8246.0,899.0,365.0,1768.504226740779,0.4586206896551724,0.4586206896551724,0.0,0.0,414.5890350341797,True,True
full,tfidf_var_max_features_15000,Variation: max_features_15000,static_tfidf_svd,sklearn_pipeline,spectral,15,,0,30,kmeans,0,0,,euclidean,,17980,nearest_neighbors,1.0,0.034308077616107026,2.8263577062081935,0.06848122934062799,0.02407214746411597,1.0,15.0,17980.0,0.0,0.0,1.0,30.0,10252.0,1198.6666666666667,382.0,2480.8478299878766,0.5701890989988877,0.5701890989988877,0.0,0.0,404.2325201034546,True,True
full,tfidf_var_max_features_15000,Variation: max_features_15000,static_tfidf_svd,sklearn_pipeline,spectral,25,,0,20,kmeans,0,0,,euclidean,,17980,nearest_neighbors,1.0,0.032951821456557465,2.636453127367842,0.09524881827117945,0.09550389295746,1.0,25.0,17980.0,0.0,0.0,1.0,20.0,7891.0,719.2,215.0,1543.9578232581355,0.4388765294771969,0.4388765294771969,0.0,0.0,282.42440700531006,True,True
full,tfidf_var_max_features_15000,Variation: max_features_15000,static_tfidf_svd,sklearn_pipeline,spectral,30,,0,10,discretize,0,0,,euclidean,,17980,nearest_neighbors,1.0,0.032482423082299955,3.000396332975955,0.171389062772085,1.2687374589296217e-08,1.0,30.0,17980.0,0.0,0.0,1.0,23.0,4983.0,599.3333333333334,256.5,964.094993014462,0.2771412680756396,0.2771412680756396,0.0,0.0,274.94479060173035,True,True
full,tfidf_var_max_features_15000,Variation: max_features_15000,static_tfidf_svd,sklearn_pipeline,spectral,10,,0,30,discretize,0,0,,euclidean,,17980,nearest_neighbors,1.0,0.0316280231602667,3.1947240625500664,0.11205694658957627,0.08297840378528798,1.0,10.0,17980.0,0.0,0.0,1.0,38.0,7454.0,1798.0,372.5,2575.254356369483,0.4145717463848721,0.4145717463848721,0.0,0.0,398.04451394081116,True,True
full,tfidf_var_max_features_15000,Variation: max_features_15000,static_tfidf_svd,sklearn_pipeline,spectral,15,,0,20,kmeans,0,0,,euclidean,,17980,nearest_neighbors,1.0,0.030827996897990876,2.8187378063708146,0.11073866139324726,0.07289311230027902,1.0,15.0,17980.0,0.0,0.0,1.0,20.0,7995.0,1198.6666666666667,344.0,1999.1501750049254,0.4446607341490545,0.4446607341490545,0.0,0.0,275.6224801540375,True,True
full,tfidf_var_max_features_15000,Variation: max_features_15000,static_tfidf_svd,sklearn_pipeline,spectral,25,,0,10,discretize,0,0,,euclidean,,17980,nearest_neighbors,1.0,0.030777343057879207,3.018019304933925,0.17338381909838413,0.16086529801988542,1.0,25.0,17980.0,0.0,0.0,1.0,23.0,5346.0,719.2,248.0,1148.0055400563188,0.29733036707452726,0.29733036707452726,0.0,0.0,275.279155254364,True,True
full,tfidf_var_max_features_15000,Variation: max_features_15000,static_tfidf_svd,sklearn_pipeline,spectral,10,,0,30,kmeans,0,0,,euclidean,,17980,nearest_neighbors,1.0,0.02963656920553709,2.8569507073578353,0.09065330323195468,0.1228975977238349,1.0,10.0,17980.0,0.0,0.0,1.0,30.0,8340.0,1798.0,284.5,2857.0892880692404,0.4638487208008899,0.4638487208008899,0.0,0.0,398.75305557250977,True,True
full,tfidf_var_max_features_15000,Variation: max_features_15000,static_tfidf_svd,sklearn_pipeline,spectral,20,,0,20,kmeans,0,0,,euclidean,,17980,nearest_neighbors,1.0,0.0287276466275704,2.688446405083684,0.10853184971087247,0.01724064156951059,1.0,20.0,17980.0,0.0,0.0,1.0,20.0,7788.0,899.0,280.0,1717.1550599756563,0.43314794215795327,0.43314794215795327,0.0,0.0,281.8185465335846,True,True
full,tfidf_var_max_features_15000,Variation: max_features_15000,static_tfidf_svd,sklearn_pipeline,spectral,20,,0,10,discretize,0,0,,euclidean,,17980,nearest_neighbors,1.0,0.027040016252410325,3.0824440201861263,0.17848386031806537,0.08965133586158607,1.0,20.0,17980.0,0.0,0.0,1.0,26.0,5449.0,899.0,194.5,1376.359800342919,0.30305895439377084,0.30305895439377084,0.0,0.0,266.844810962677,True,True
full,tfidf_var_max_features_15000,Variation: max_features_15000,static_tfidf_svd,sklearn_pipeline,spectral,10,,0,20,kmeans,0,0,,euclidean,,17980,nearest_neighbors,1.0,0.021153440438414953,2.6571764111567355,0.08046727788034194,0.14899230936712962,1.0,10.0,17980.0,0.0,0.0,1.0,26.0,9216.0,1798.0,150.5,3117.6702840422367,0.5125695216907675,0.5125695216907675,0.0,0.0,274.0029697418213,True,True
full,tfidf_var_max_features_15000,Variation: max_features_15000,static_tfidf_svd,sklearn_pipeline,spectral,10,,0,20,discretize,0,0,,euclidean,,17980,nearest_neighbors,1.0,0.020906447303409542,2.967712867338836,0.0891977422236615,1.5142840402353555e-08,1.0,10.0,17980.0,0.0,0.0,1.0,34.0,8612.0,1798.0,200.5,2993.650981661022,0.4789766407119021,0.4789766407119021,0.0,0.0,269.80770349502563,True,True
full,tfidf_var_max_features_15000,Variation: max_features_15000,static_tfidf_svd,sklearn_pipeline,spectral,30,,0,10,kmeans,0,0,,euclidean,,17980,nearest_neighbors,1.0,0.020563552714374846,2.4480834180983395,0.08875564649858346,0.07302528448830857,1.0,30.0,17980.0,0.0,0.0,1.0,13.0,8081.0,599.3333333333334,165.5,1459.2080576653748,0.44944382647385983,0.44944382647385983,0.0,0.0,277.99414324760437,True,True
full,tfidf_var_max_features_15000,Variation: max_features_15000,static_tfidf_svd,sklearn_pipeline,spectral,20,,0,10,kmeans,0,0,,euclidean,,17980,nearest_neighbors,1.0,0.01788173650004936,2.6138365614638492,0.10938918725107237,0.07116446860161536,1.0,20.0,17980.0,0.0,0.0,1.0,13.0,7780.0,899.0,140.0,1732.669587659459,0.43270300333704115,0.43270300333704115,0.0,0.0,270.45399951934814,True,True
full,tfidf_var_max_features_15000,Variation: max_features_15000,static_tfidf_svd,sklearn_pipeline,spectral,10,,0,10,discretize,0,0,,euclidean,,17980,nearest_neighbors,1.0,0.015955755149478733,3.0846866348919058,0.08938510968513784,0.14899230936712962,1.0,10.0,17980.0,0.0,0.0,1.0,26.0,8585.0,1798.0,99.5,3004.194501026856,0.4774749721913237,0.4774749721913237,0.0,0.0,264.1170644760132,True,True
full,tfidf_var_max_features_15000,Variation: max_features_15000,static_tfidf_svd,sklearn_pipeline,spectral,25,,0,10,kmeans,0,0,,euclidean,,17980,nearest_neighbors,1.0,0.013278286006256359,2.4145833588639483,0.07912691370550834,0.07116446860161536,1.0,25.0,17980.0,0.0,0.0,1.0,13.0,9112.0,719.2,84.0,1795.5469584502657,0.5067853170189099,0.5067853170189099,0.0,0.0,280.03594160079956,True,True
full,tfidf_var_max_features_15000,Variation: max_features_15000,static_tfidf_svd,sklearn_pipeline,spectral,15,,0,10,discretize,0,0,,euclidean,,17980,nearest_neighbors,1.0,0.012912901105750055,3.0031910377629143,0.11318453874806504,0.05702021131439729,1.0,15.0,17980.0,0.0,0.0,1.0,27.0,7301.0,1198.6666666666667,101.0,2229.3536482327986,0.4060622914349277,0.4060622914349277,0.0,0.0,273.44512462615967,True,True
full,tfidf_var_max_features_15000,Variation: max_features_15000,static_tfidf_svd,sklearn_pipeline,spectral,10,,0,10,kmeans,0,0,,euclidean,,17980,nearest_neighbors,1.0,0.011653795718171022,2.5756401491565377,0.07598388387250045,0.14899230936712962,1.0,10.0,17980.0,0.0,0.0,1.0,16.0,9350.0,1798.0,82.5,3202.5072053002473,0.5200222469410456,0.5200222469410456,0.0,0.0,267.59833693504333,True,True
full,tfidf_var_max_features_15000,Variation: max_features_15000,static_tfidf_svd,sklearn_pipeline,spectral,15,,0,10,kmeans,0,0,,euclidean,,17980,nearest_neighbors,1.0,0.0024559835702086565,2.3911738674060343,0.0909496558305009,0.07116446860161536,1.0,15.0,17980.0,0.0,0.0,1.0,13.0,8234.0,1198.6666666666667,81.0,2468.602024538495,0.4579532814238042,0.4579532814238042,0.0,0.0,265.9433169364929,True,True
full,tfidf_var_max_features_15000,Variation: max_features_15000,static_tfidf_svd,sklearn_pipeline,spectral,15,,0,0,kmeans,0,0,,euclidean,,17980,rbf,10.0,-0.03358526477131306,2.021502237198819,0.06387919967597958,0.2835907075396628,1.0,15.0,17980.0,0.0,0.0,1.0,2.0,10679.0,1198.6666666666667,19.0,2903.0893123628757,0.5939377085650723,0.5939377085650723,4.0,0.000778642936596218,90.64228343963623,True,True
full,tfidf_var_max_features_15000,Variation: max_features_15000,static_tfidf_svd,sklearn_pipeline,spectral,20,,0,0,kmeans,0,0,,euclidean,,17980,rbf,10.0,-0.04919436592520874,1.913071119230326,0.07716978443152991,0.19141798667476637,1.0,20.0,17980.0,0.0,0.0,1.0,2.0,8375.0,899.0,11.5,2340.9194347520806,0.46579532814238045,0.46579532814238045,8.0,0.0012235817575083426,100.1781713962555,True,True
full,tfidf_var_max_features_5000,Variation: max_features_5000,static_tfidf_svd,sklearn_pipeline,spectral,30,,0,0,discretize,0,0,,euclidean,,17977,rbf,1.0,0.06292066398624768,3.2246314203649664,0.21725434123384452,0.051822342499095286,1.0,30.0,17977.0,0.0,0.0,1.0,300.0,865.0,599.2333333333333,583.0,126.29903228273587,0.04811703843800411,0.04811703843800411,0.0,0.0,42.00007653236389,True,True
full,tfidf_var_max_features_5000,Variation: max_features_5000,static_tfidf_svd,sklearn_pipeline,spectral,30,,0,0,kmeans,0,0,,euclidean,,17977,rbf,1.0,0.0618198381964905,3.4007014384272263,0.1604282239267071,0.03944779184046671,1.0,30.0,17977.0,0.0,0.0,1.0,75.0,2325.0,599.2333333333333,481.0,400.64844800509195,0.12933192412527117,0.12933192412527117,0.0,0.0,48.34617757797241,True,True
full,tfidf_var_max_features_5000,Variation: max_features_5000,static_tfidf_svd,sklearn_pipeline,spectral,25,,0,0,discretize,0,0,,euclidean,,17977,rbf,1.0,0.06073555905108308,3.352834768796206,0.234230737061402,0.05018805658223155,1.0,25.0,17977.0,0.0,0.0,1.0,239.0,1094.0,719.08,699.0,216.8756178089183,0.060855537631417926,0.060855537631417926,0.0,0.0,37.93861269950867,True,True
full,tfidf_var_max_features_5000,Variation: max_features_5000,static_tfidf_svd,sklearn_pipeline,spectral,30,,0,0,kmeans,0,0,,euclidean,,17977,rbf,0.1,0.059105960892682496,3.5591099769662735,0.20270057871875682,0.05066811720658413,1.0,30.0,17977.0,0.0,0.0,1.0,372.0,1206.0,599.2333333333333,557.0,188.75022001458848,0.06708572064304388,0.06708572064304388,0.0,0.0,42.18083572387695,True,True
full,tfidf_var_max_features_5000,Variation: max_features_5000,static_tfidf_svd,sklearn_pipeline,spectral,30,,0,0,discretize,0,0,,euclidean,,17977,rbf,0.1,0.05865270501389393,3.3859836196522344,0.21564716847962961,0.05120241766377567,1.0,30.0,17977.0,0.0,0.0,1.0,363.0,878.0,599.2333333333333,589.0,108.59333415188163,0.04884018468042499,0.04884018468042499,0.0,0.0,44.91082143783569,True,True
full,tfidf_var_max_features_5000,Variation: max_features_5000,static_tfidf_svd,sklearn_pipeline,spectral,25,,0,0,kmeans,0,0,,euclidean,,17977,rbf,1.0,0.05821652446209003,3.42618396324038,0.17336452359960133,0.05022510418659886,1.0,25.0,17977.0,0.0,0.0,1.0,74.0,2341.0,719.08,554.0,505.63638476676107,0.13022195026978917,0.13022195026978917,0.0,0.0,40.0786018371582,True,True
full,tfidf_var_max_features_5000,Variation: max_features_5000,static_tfidf_svd,sklearn_pipeline,spectral,30,,0,30,discretize,0,0,,euclidean,,17977,nearest_neighbors,1.0,0.0569348680573541,3.197784199189271,0.19607403038236715,0.050465548074478964,1.0,30.0,17977.0,0.0,0.0,1.0,64.0,3520.0,599.2333333333333,451.5,650.5437563215013,0.19580575179395895,0.19580575179395895,0.0,0.0,422.26838731765747,True,True
full,tfidf_var_max_features_5000,Variation: max_features_5000,static_tfidf_svd,sklearn_pipeline,spectral,20,,0,0,discretize,0,0,,euclidean,,17977,rbf,1.0,0.05565475316310677,3.6361842132111875,0.24153741303157544,0.05797681355852513,1.0,20.0,17977.0,0.0,0.0,1.0,393.0,1563.0,898.85,922.0,289.7404485052096,0.08694442899260166,0.08694442899260166,0.0,0.0,36.90589499473572,True,True
full,tfidf_var_max_features_5000,Variation: max_features_5000,static_tfidf_svd,sklearn_pipeline,spectral,25,,0,0,discretize,0,0,,euclidean,,17977,rbf,0.1,0.055171429384839564,3.4621060347408013,0.23395348564164806,0.04730985960816895,1.0,25.0,17977.0,0.0,0.0,1.0,513.0,1238.0,719.08,668.0,156.2408192502843,0.06886577293207988,0.06886577293207988,0.0,0.0,38.08414101600647,True,True
full,tfidf_var_max_features_5000,Variation: max_features_5000,static_tfidf_svd,sklearn_pipeline,spectral,25,,0,0,kmeans,0,0,,euclidean,,17977,rbf,0.1,0.05462151646965707,3.682316613629288,0.2200611228514931,0.09905646524384504,1.0,25.0,17977.0,0.0,0.0,1.0,453.0,1585.0,719.08,657.0,257.4011530665704,0.0881682149413139,0.0881682149413139,0.0,0.0,40.178497076034546,True,True
full,tfidf_var_max_features_5000,Variation: max_features_5000,static_tfidf_svd,sklearn_pipeline,spectral,30,,0,20,discretize,0,0,,euclidean,,17977,nearest_neighbors,1.0,0.053122042791967854,3.223456761095371,0.19301381651614374,0.050460979742192505,1.0,30.0,17977.0,0.0,0.0,1.0,42.0,3497.0,599.2333333333333,454.0,659.9477597170519,0.19452633921121432,0.19452633921121432,0.0,0.0,334.521301984787,True,True
full,tfidf_var_max_features_5000,Variation: max_features_5000,static_tfidf_svd,sklearn_pipeline,spectral,25,,0,30,discretize,0,0,,euclidean,,17977,nearest_neighbors,1.0,0.05309975995187108,3.3046903013901767,0.1895283019461413,0.05018805658223155,1.0,25.0,17977.0,0.0,0.0,1.0,64.0,3845.0,719.08,466.0,753.4861867347005,0.21388440785448073,0.21388440785448073,0.0,0.0,420.05751729011536,True,True
full,tfidf_var_max_features_5000,Variation: max_features_5000,static_tfidf_svd,sklearn_pipeline,spectral,20,,0,0,kmeans,0,0,,euclidean,,17977,rbf,1.0,0.051855315067754336,3.6912608721478213,0.18935875086532777,0.058305598522584365,1.0,20.0,17977.0,0.0,0.0,1.0,203.0,2470.0,898.85,691.5,590.0857797812112,0.1373977860599655,0.1373977860599655,0.0,0.0,38.25472331047058,True,True
full,tfidf_var_max_features_5000,Variation: max_features_5000,static_tfidf_svd,sklearn_pipeline,spectral,20,,0,0,kmeans,0,0,,euclidean,,17977,rbf,0.1,0.051655129042260134,3.9373378715631233,0.21868967546213824,0.047355826285644484,1.0,20.0,17977.0,0.0,0.0,1.0,499.0,1851.0,898.85,820.5,343.6475338191735,0.10296489959392557,0.10296489959392557,0.0,0.0,44.61814737319946,True,True
full,tfidf_var_max_features_5000,Variation: max_features_5000,static_tfidf_svd,sklearn_pipeline,spectral,20,,0,0,discretize,0,0,,euclidean,,17977,rbf,0.1,0.05096713338060269,3.644042069541059,0.24026892853667772,0.05876939248589374,1.0,20.0,17977.0,0.0,0.0,1.0,691.0,1445.0,898.85,829.0,197.03965971346983,0.08038048617678144,0.08038048617678144,0.0,0.0,39.00999355316162,True,True
full,tfidf_var_max_features_5000,Variation: max_features_5000,static_tfidf_svd,sklearn_pipeline,spectral,30,,0,10,discretize,0,0,,euclidean,,17977,nearest_neighbors,1.0,0.048973938332478956,3.2395476044794704,0.19062776191834357,1.2768809196249974e-08,1.0,30.0,17977.0,0.0,0.0,1.0,33.0,3606.0,599.2333333333333,457.5,673.4978190181629,0.20058964232074317,0.20058964232074317,0.0,0.0,275.7780840396881,True,True
full,tfidf_var_max_features_5000,Variation: max_features_5000,static_tfidf_svd,sklearn_pipeline,spectral,25,,0,20,discretize,0,0,,euclidean,,17977,nearest_neighbors,1.0,0.047741884825940835,3.2869944486332257,0.1756975529781466,0.11449140866376034,1.0,25.0,17977.0,0.0,0.0,1.0,44.0,4296.0,719.08,465.0,864.6571075287591,0.23897201980308172,0.23897201980308172,0.0,0.0,332.9968991279602,True,True
full,tfidf_var_max_features_5000,Variation: max_features_5000,static_tfidf_svd,sklearn_pipeline,spectral,20,,0,30,discretize,0,0,,euclidean,,17977,nearest_neighbors,1.0,0.047522081102994176,3.4108784867631825,0.17711602147252892,8.813492099505292e-09,1.0,20.0,17977.0,0.0,0.0,1.0,67.0,4493.0,898.85,614.0,1000.1295053641803,0.24993046670745953,0.24993046670745953,0.0,0.0,419.76814126968384,True,True
full,tfidf_var_max_features_5000,Variation: max_features_5000,static_tfidf_svd,sklearn_pipeline,spectral,15,,0,0,discretize,0,0,,euclidean,,17977,rbf,1.0,0.04743584210241226,4.0156324988135985,0.2384809860219435,0.01877249554551499,1.0,15.0,17977.0,0.0,0.0,1.0,734.0,1756.0,1198.4666666666667,1208.0,300.8106528846492,0.09768036936084998,0.09768036936084998,0.0,0.0,37.11714267730713,True,True
full,tfidf_var_max_features_5000,Variation: max_features_5000,static_tfidf_svd,sklearn_pipeline,spectral,15,,0,0,kmeans,0,0,,euclidean,,17977,rbf,0.1,0.046635295358295296,4.066402333722235,0.22390911710804828,0.0953284847610629,1.0,15.0,17977.0,0.0,0.0,1.0,625.0,2014.0,1198.4666666666667,1212.0,356.05109496001023,0.11203204094120264,0.11203204094120264,0.0,0.0,37.959306716918945,True,True
full,tfidf_var_max_features_5000,Variation: max_features_5000,static_tfidf_svd,sklearn_pipeline,spectral,15,,0,0,discretize,0,0,,euclidean,,17977,rbf,0.1,0.04558224579816015,3.957809047850436,0.24596452537771524,0.08388925506024651,1.0,15.0,17977.0,0.0,0.0,1.0,930.0,1666.0,1198.4666666666667,1187.0,225.83146124685302,0.09267397229793625,0.09267397229793625,0.0,0.0,34.10292840003967,True,True
full,tfidf_var_max_features_5000,Variation: max_features_5000,static_tfidf_svd,sklearn_pipeline,spectral,15,,0,30,discretize,0,0,,euclidean,,17977,nearest_neighbors,1.0,0.043607413887028844,3.5128147475541156,0.1551712022358567,0.0,1.0,15.0,17977.0,0.0,0.0,1.0,81.0,5897.0,1198.4666666666667,744.0,1419.5950533710502,0.3280302608889136,0.3280302608889136,0.0,0.0,419.26206398010254,True,True
full,tfidf_var_max_features_5000,Variation: max_features_5000,static_tfidf_svd,sklearn_pipeline,spectral,15,,0,0,kmeans,0,0,,euclidean,,17977,rbf,1.0,0.04321410645135868,4.101631496357062,0.1867452969977349,0.049613168755469395,1.0,15.0,17977.0,0.0,0.0,1.0,508.0,2722.0,1198.4666666666667,1049.0,572.1122112157913,0.15141569783612394,0.15141569783612394,0.0,0.0,36.97761511802673,True,True
full,tfidf_var_max_features_5000,Variation: max_features_5000,static_tfidf_svd,sklearn_pipeline,spectral,20,,0,20,discretize,0,0,,euclidean,,17977,nearest_neighbors,1.0,0.042739667536631644,3.3416924924602194,0.17644331771609123,0.12277319088343021,1.0,20.0,17977.0,0.0,0.0,1.0,45.0,5020.0,898.85,544.0,1119.2577127275024,0.279245702842521,0.279245702842521,0.0,0.0,331.59717082977295,True,True
full,tfidf_var_max_features_5000,Variation: max_features_5000,static_tfidf_svd,sklearn_pipeline,spectral,10,,0,0,discretize,0,0,,euclidean,,17977,rbf,1.0,0.04082352662345404,4.423033487380485,0.22501375146051683,0.03836532685104454,1.0,10.0,17977.0,0.0,0.0,1.0,902.0,2607.0,1797.7,1710.0,455.67182269699316,0.14501863492240086,0.14501863492240086,0.0,0.0,31.153942108154297,True,True
full,tfidf_var_max_features_5000,Variation: max_features_5000,static_tfidf_svd,sklearn_pipeline,spectral,10,,0,0,kmeans,0,0,,euclidean,,17977,rbf,1.0,0.040496518220443894,4.49733849127263,0.1650392538222485,0.03836532685104454,1.0,10.0,17977.0,0.0,0.0,1.0,637.0,3809.0,1797.7,1504.5,899.0680786236379,0.21188184902931523,0.21188184902931523,0.0,0.0,33.3862566947937,True,True
full,tfidf_var_max_features_5000,Variation: max_features_5000,static_tfidf_svd,sklearn_pipeline,spectral,25,,0,30,kmeans,0,0,,euclidean,,17977,nearest_neighbors,1.0,0.040453599453722074,2.855191926830061,0.08548608907531816,1.5650077562532016e-08,1.0,25.0,17977.0,0.0,0.0,1.0,32.0,7588.0,719.08,367.0,1447.5479106406115,0.42209489903765923,0.42209489903765923,0.0,0.0,431.4893479347229,True,True
full,tfidf_var_max_features_5000,Variation: max_features_5000,static_tfidf_svd,sklearn_pipeline,spectral,25,,0,10,discretize,0,0,,euclidean,,17977,nearest_neighbors,1.0,0.04020993487072232,3.347223185384968,0.17361189537503044,0.07617343417517776,1.0,25.0,17977.0,0.0,0.0,1.0,34.0,4329.0,719.08,457.0,918.6327631866827,0.24080769872615007,0.24080769872615007,0.0,0.0,273.68063616752625,True,True
full,tfidf_var_max_features_5000,Variation: max_features_5000,static_tfidf_svd,sklearn_pipeline,spectral,30,,0,30,kmeans,0,0,,euclidean,,17977,nearest_neighbors,1.0,0.039954624695804054,2.7301913010101897,0.08274310788815517,0.020072329114969763,1.0,30.0,17977.0,0.0,0.0,1.0,32.0,7578.0,599.2333333333333,268.5,1337.3567881791637,0.4215386326973355,0.4215386326973355,0.0,0.0,423.8944194316864,True,True
full,tfidf_var_max_features_5000,Variation: max_features_5000,static_tfidf_svd,sklearn_pipeline,spectral,15,,0,20,discretize,0,0,,euclidean,,17977,nearest_neighbors,1.0,0.03941414373356831,3.432395611200977,0.1633865182883522,0.09515696218313521,1.0,15.0,17977.0,0.0,0.0,1.0,46.0,5756.0,1198.4666666666667,696.0,1467.6737996647014,0.3201869054903488,0.3201869054903488,0.0,0.0,328.0340094566345,True,True
full,tfidf_var_max_features_5000,Variation: max_features_5000,static_tfidf_svd,sklearn_pipeline,spectral,10,,0,0,kmeans,0,0,,euclidean,,17977,rbf,0.1,0.039142526471991984,4.67328770020917,0.20915251248854483,0.05990645278967234,1.0,10.0,17977.0,0.0,0.0,1.0,1332.0,2318.0,1797.7,1794.0,315.20661477830697,0.12894253768704456,0.12894253768704456,0.0,0.0,32.82604193687439,True,True
full,tfidf_var_max_features_5000,Variation: max_features_5000,static_tfidf_svd,sklearn_pipeline,spectral,10,,0,0,discretize,0,0,,euclidean,,17977,rbf,0.1,0.03880524503300392,4.446807357362413,0.23463738103472148,0.011462812164495502,1.0,10.0,17977.0,0.0,0.0,1.0,1488.0,2013.0,1797.7,1787.0,167.1442789927313,0.11197641430717027,0.11197641430717027,0.0,0.0,30.730579137802124,True,True
full,tfidf_var_max_features_5000,Variation: max_features_5000,static_tfidf_svd,sklearn_pipeline,spectral,20,,0,30,kmeans,0,0,,euclidean,,17977,nearest_neighbors,1.0,0.03835117222426181,3.0649195184430895,0.09694698232352891,0.0739538615843148,1.0,20.0,17977.0,0.0,0.0,1.0,32.0,7175.0,898.85,449.5,1525.0666632970506,0.3991210991822885,0.3991210991822885,0.0,0.0,421.3854088783264,True,True
full,tfidf_var_max_features_5000,Variation: max_features_5000,static_tfidf_svd,sklearn_pipeline,spectral,15,,0,30,kmeans,0,0,,euclidean,,17977,nearest_neighbors,1.0,0.038185955127791,3.144315399626814,0.08795404648652458,0.0,1.0,15.0,17977.0,0.0,0.0,1.0,81.0,8424.0,1198.4666666666667,538.0,2010.2967895866075,0.4685987650887245,0.4685987650887245,0.0,0.0,418.4637610912323,True,True
full,tfidf_var_max_features_5000,Variation: max_features_5000,static_tfidf_svd,sklearn_pipeline,spectral,20,,0,10,discretize,0,0,,euclidean,,17977,nearest_neighbors,1.0,0.036785674724673055,3.3696589811418582,0.1546049873510474,0.052201128561018065,1.0,20.0,17977.0,0.0,0.0,1.0,33.0,5741.0,898.85,536.5,1262.0845960156553,0.31935250597986314,0.31935250597986314,0.0,0.0,267.99000215530396,True,True
full,tfidf_var_max_features_5000,Variation: max_features_5000,static_tfidf_svd,sklearn_pipeline,spectral,10,,0,30,discretize,0,0,,euclidean,,17977,nearest_neighbors,1.0,0.03648971043261892,3.656189680841851,0.14661418659310452,0.0,1.0,10.0,17977.0,0.0,0.0,1.0,82.0,6503.0,1797.7,1353.0,1922.6291920180552,0.3617400011125327,0.3617400011125327,0.0,0.0,408.4607708454132,True,True
full,tfidf_var_max_features_5000,Variation: max_features_5000,static_tfidf_svd,sklearn_pipeline,spectral,30,,0,20,kmeans,0,0,,euclidean,,17977,nearest_neighbors,1.0,0.03413332837900808,2.7409182092284516,0.08550216003627882,0.05018805658223155,1.0,30.0,17977.0,0.0,0.0,1.0,21.0,7445.0,599.2333333333333,344.0,1317.5196819107568,0.4141402903710297,0.4141402903710297,0.0,0.0,336.31230902671814,True,True
full,tfidf_var_max_features_5000,Variation: max_features_5000,static_tfidf_svd,sklearn_pipeline,spectral,10,,0,30,kmeans,0,0,,euclidean,,17977,nearest_neighbors,1.0,0.03410975624469749,3.3677153177631665,0.09569959546428333,0.06795456331338524,1.0,10.0,17977.0,0.0,0.0,1.0,81.0,8693.0,1797.7,1122.0,2465.642555197326,0.48356232964343326,0.48356232964343326,0.0,0.0,408.823100566864,True,True
full,tfidf_var_max_features_5000,Variation: max_features_5000,static_tfidf_svd,sklearn_pipeline,spectral,15,,0,10,discretize,0,0,,euclidean,,17977,nearest_neighbors,1.0,0.03373674490389838,3.422860808818196,0.17066427195298445,0.17802579350552225,1.0,15.0,17977.0,0.0,0.0,1.0,36.0,5219.0,1198.4666666666667,422.0,1481.5760467226185,0.29031540301496356,0.29031540301496356,0.0,0.0,265.5185441970825,True,True
full,tfidf_var_max_features_5000,Variation: max_features_5000,static_tfidf_svd,sklearn_pipeline,spectral,15,,0,20,kmeans,0,0,,euclidean,,17977,nearest_neighbors,1.0,0.03223629090120607,3.0504290230005013,0.09859220551792407,0.11668143788844883,1.0,15.0,17977.0,0.0,0.0,1.0,30.0,8214.0,1198.4666666666667,513.0,2004.9825890072516,0.45691717194192577,0.45691717194192577,0.0,0.0,334.13762164115906,True,True
full,tfidf_var_max_features_5000,Variation: max_features_5000,static_tfidf_svd,sklearn_pipeline,spectral,10,,0,20,discretize,0,0,,euclidean,,17977,nearest_neighbors,1.0,0.029165262624297587,3.4605205774926544,0.12605852736665837,0.07596576337524161,1.0,10.0,17977.0,0.0,0.0,1.0,51.0,6584.0,1797.7,865.5,2305.4620816660595,0.366245758469155,0.366245758469155,0.0,0.0,317.2407054901123,True,True
full,tfidf_var_max_features_5000,Variation: max_features_5000,static_tfidf_svd,sklearn_pipeline,spectral,10,,0,10,discretize,0,0,,euclidean,,17977,nearest_neighbors,1.0,0.028483482873360538,3.448545496728933,0.12535034214774005,0.026527372133017455,1.0,10.0,17977.0,0.0,0.0,1.0,37.0,6641.0,1797.7,904.5,2300.09160904517,0.3694164766090004,0.3694164766090004,0.0,0.0,262.91291642189026,True,True
full,tfidf_var_max_features_5000,Variation: max_features_5000,static_tfidf_svd,sklearn_pipeline,spectral,30,,0,10,kmeans,0,0,,euclidean,,17977,nearest_neighbors,1.0,0.027868247426952614,2.717443493367667,0.08765391320803612,0.05018805658223155,1.0,30.0,17977.0,0.0,0.0,1.0,13.0,7424.0,599.2333333333333,331.0,1317.3736924485609,0.4129721310563498,0.4129721310563498,0.0,0.0,279.05781507492065,True,True
full,tfidf_var_max_features_5000,Variation: max_features_5000,static_tfidf_svd,sklearn_pipeline,spectral,25,,0,20,kmeans,0,0,,euclidean,,17977,nearest_neighbors,1.0,0.02727268683577793,2.829111587165573,0.099606167464417,0.1087347497573148,1.0,25.0,17977.0,0.0,0.0,1.0,22.0,6995.0,719.08,338.0,1378.0655113600371,0.38910830505646105,0.38910830505646105,0.0,0.0,333.82497239112854,True,True
full,tfidf_var_max_features_5000,Variation: max_features_5000,static_tfidf_svd,sklearn_pipeline,spectral,10,,0,20,kmeans,0,0,,euclidean,,17977,nearest_neighbors,1.0,0.026368489853356058,3.158192069974458,0.09637634532222186,0.06795456331338524,1.0,10.0,17977.0,0.0,0.0,1.0,30.0,8177.0,1797.7,637.5,2634.0193260490705,0.45485898648272793,0.45485898648272793,0.0,0.0,318.8204114437103,True,True
full,tfidf_var_max_features_5000,Variation: max_features_5000,static_tfidf_svd,sklearn_pipeline,spectral,10,,0,10,kmeans,0,0,,euclidean,,17977,nearest_neighbors,1.0,0.02520682587648215,3.1638882655973566,0.09657312548584858,0.07837803076313105,1.0,10.0,17977.0,0.0,0.0,1.0,28.0,8109.0,1797.7,655.0,2621.5087278130513,0.45107637536852646,0.45107637536852646,0.0,0.0,264.74724435806274,True,True
full,tfidf_var_max_features_5000,Variation: max_features_5000,static_tfidf_svd,sklearn_pipeline,spectral,25,,0,10,kmeans,0,0,,euclidean,,17977,nearest_neighbors,1.0,0.025159056370701205,2.825243015308664,0.10404791359414792,0.08029374745316352,1.0,25.0,17977.0,0.0,0.0,1.0,18.0,6887.0,719.08,342.0,1363.678288160371,0.38310062858096455,0.38310062858096455,0.0,0.0,275.3363559246063,True,True
full,tfidf_var_max_features_5000,Variation: max_features_5000,static_tfidf_svd,sklearn_pipeline,spectral,20,,0,20,kmeans,0,0,,euclidean,,17977,nearest_neighbors,1.0,0.022636009996075342,2.8223303942149243,0.08377943253663955,0.11668143788844883,1.0,20.0,17977.0,0.0,0.0,1.0,22.0,8505.0,898.85,355.5,1827.3371411701783,0.47310452244534684,0.47310452244534684,0.0,0.0,333.7287542819977,True,True
full,tfidf_var_max_features_5000,Variation: max_features_5000,static_tfidf_svd,sklearn_pipeline,spectral,20,,0,10,kmeans,0,0,,euclidean,,17977,nearest_neighbors,1.0,0.021123378367335775,2.810709453723908,0.08390400452279086,0.07837803076313105,1.0,20.0,17977.0,0.0,0.0,1.0,18.0,8517.0,898.85,356.0,1832.873762019632,0.47377204205373535,0.47377204205373535,0.0,0.0,273.15846395492554,True,True
full,tfidf_var_max_features_5000,Variation: max_features_5000,static_tfidf_svd,sklearn_pipeline,spectral,15,,0,10,kmeans,0,0,,euclidean,,17977,nearest_neighbors,1.0,0.015793335605995926,2.9457419911393847,0.10596542136142911,0.07837803076313105,1.0,15.0,17977.0,0.0,0.0,1.0,18.0,7833.0,1198.4666666666667,342.0,2004.4822063454578,0.43572342437559103,0.43572342437559103,0.0,0.0,273.02689385414124,True,True
full,tfidf_var_min_df_10,Variation: min_df_10,static_tfidf_svd,sklearn_pipeline,spectral,30,,0,0,discretize,0,0,,euclidean,,17980,rbf,1.0,0.06577764575016591,3.2376276621878466,0.23054449583645964,0.07929091760958362,1.0,30.0,17980.0,0.0,0.0,1.0,288.0,873.0,599.3333333333334,585.0,127.60494591598798,0.04855394883203559,0.04855394883203559,0.0,0.0,37.75373983383179,True,True
full,tfidf_var_min_df_10,Variation: min_df_10,static_tfidf_svd,sklearn_pipeline,spectral,30,,0,0,kmeans,0,0,,euclidean,,17980,rbf,1.0,0.06425168539035768,3.3335523775945526,0.1727896271974968,0.06817990935664414,1.0,30.0,17980.0,0.0,0.0,1.0,75.0,1786.0,599.3333333333334,493.0,352.6344975876423,0.09933259176863181,0.09933259176863181,0.0,0.0,39.81459450721741,True,True
full,tfidf_var_min_df_10,Variation: min_df_10,static_tfidf_svd,sklearn_pipeline,spectral,25,,0,0,discretize,0,0,,euclidean,,17980,rbf,1.0,0.06285507948704816,3.304045705226764,0.2501725876604172,0.0335572736770876,1.0,25.0,17980.0,0.0,0.0,1.0,313.0,1080.0,719.2,668.0,200.3223402419211,0.060066740823136816,0.060066740823136816,0.0,0.0,35.99577474594116,True,True
full,tfidf_var_min_df_10,Variation: min_df_10,static_tfidf_svd,sklearn_pipeline,spectral,30,,0,0,kmeans,0,0,,euclidean,,17980,rbf,0.1,0.06183060745380962,3.49938548400335,0.20732330329173482,0.06650006368985939,1.0,30.0,17980.0,0.0,0.0,1.0,364.0,1552.0,599.3333333333334,530.5,233.82448308269366,0.08631813125695217,0.08631813125695217,0.0,0.0,46.30845880508423,True,True
full,tfidf_var_min_df_10,Variation: min_df_10,static_tfidf_svd,sklearn_pipeline,spectral,30,,0,0,discretize,0,0,,euclidean,,17980,rbf,0.1,0.060736746120382046,3.280824616333388,0.2469632427059997,0.05513599937902474,1.0,30.0,17980.0,0.0,0.0,1.0,423.0,856.0,599.3333333333334,589.0,110.63855064528316,0.047608453837597334,0.047608453837597334,0.0,0.0,38.8783004283905,True,True
full,tfidf_var_min_df_10,Variation: min_df_10,static_tfidf_svd,sklearn_pipeline,spectral,30,,0,30,discretize,0,0,,euclidean,,17980,nearest_neighbors,1.0,0.06052383810926267,3.0871778561905567,0.2166914216373913,0.07796664750028609,1.0,30.0,17980.0,0.0,0.0,1.0,34.0,3375.0,599.3333333333334,448.0,650.5609032895297,0.18770856507230255,0.18770856507230255,0.0,0.0,377.772673368454,True,True
full,tfidf_var_min_df_10,Variation: min_df_10,static_tfidf_svd,sklearn_pipeline,spectral,25,,0,0,kmeans,0,0,,euclidean,,17980,rbf,1.0,0.05862536403816282,3.456118003750476,0.18750203218951866,0.02024963861576336,1.0,25.0,17980.0,0.0,0.0,1.0,203.0,2038.0,719.2,557.0,432.00898138811885,0.11334816462736373,0.11334816462736373,0.0,0.0,38.36129903793335,True,True
full,tfidf_var_min_df_10,Variation: min_df_10,static_tfidf_svd,sklearn_pipeline,spectral,30,,0,20,discretize,0,0,,euclidean,,17980,nearest_neighbors,1.0,0.05818731529867901,3.1113991302690445,0.21645907420799934,9.070144338973985e-09,1.0,30.0,17980.0,0.0,0.0,1.0,33.0,3406.0,599.3333333333334,449.5,661.6073021228093,0.18943270300333703,0.18943270300333703,0.0,0.0,338.7482407093048,True,True
full,tfidf_var_min_df_10,Variation: min_df_10,static_tfidf_svd,sklearn_pipeline,spectral,20,,0,0,discretize,0,0,,euclidean,,17980,rbf,1.0,0.057930877919630794,3.610316426258668,0.2617530785311551,0.06570476375751509,1.0,20.0,17980.0,0.0,0.0,1.0,354.0,1575.0,899.0,899.5,291.95410598243006,0.08759733036707452,0.08759733036707452,0.0,0.0,35.777583837509155,True,True
full,tfidf_var_min_df_10,Variation: min_df_10,static_tfidf_svd,sklearn_pipeline,spectral,25,,0,0,kmeans,0,0,,euclidean,,17980,rbf,0.1,0.05724461914685036,3.6703500603438473,0.2268650153838226,0.0488656971968041,1.0,25.0,17980.0,0.0,0.0,1.0,454.0,1575.0,719.2,656.0,257.40318568347203,0.08759733036707452,0.08759733036707452,0.0,0.0,41.023452281951904,True,True
full,tfidf_var_min_df_10,Variation: min_df_10,static_tfidf_svd,sklearn_pipeline,spectral,25,,0,0,discretize,0,0,,euclidean,,17980,rbf,0.1,0.056743124987822406,3.49111985461773,0.2445280926395409,0.04898969347945308,1.0,25.0,17980.0,0.0,0.0,1.0,514.0,1242.0,719.2,683.0,154.37409109044174,0.06907675194660734,0.06907675194660734,0.0,0.0,36.093379497528076,True,True
full,tfidf_var_min_df_10,Variation: min_df_10,static_tfidf_svd,sklearn_pipeline,spectral,20,,0,0,kmeans,0,0,,euclidean,,17980,rbf,1.0,0.05376002972788044,3.6260451518876784,0.19523104244534775,0.06902221402393761,1.0,20.0,17980.0,0.0,0.0,1.0,206.0,2607.0,899.0,709.5,595.1417478214748,0.1449944382647386,0.1449944382647386,0.0,0.0,36.72796106338501,True,True
full,tfidf_var_min_df_10,Variation: min_df_10,static_tfidf_svd,sklearn_pipeline,spectral,25,,0,30,discretize,0,0,,euclidean,,17980,nearest_neighbors,1.0,0.05330601012424136,3.1531205917225407,0.20075527361984588,0.07796664750028609,1.0,25.0,17980.0,0.0,0.0,1.0,35.0,3836.0,719.2,466.0,833.9831173351173,0.21334816462736375,0.21334816462736375,0.0,0.0,374.45437479019165,True,True
full,tfidf_var_min_df_10,Variation: min_df_10,static_tfidf_svd,sklearn_pipeline,spectral,25,,0,20,discretize,0,0,,euclidean,,17980,nearest_neighbors,1.0,0.05308878822134469,3.19285132295664,0.1940111808797174,0.11895928978609861,1.0,25.0,17980.0,0.0,0.0,1.0,33.0,4027.0,719.2,546.0,831.1961501354539,0.2239710789766407,0.2239710789766407,0.0,0.0,337.44128012657166,True,True
full,tfidf_var_min_df_10,Variation: min_df_10,static_tfidf_svd,sklearn_pipeline,spectral,20,,0,0,kmeans,0,0,,euclidean,,17980,rbf,0.1,0.05263756608359228,3.9432444996417404,0.2226542796218677,0.05478242014230889,1.0,20.0,17980.0,0.0,0.0,1.0,496.0,1932.0,899.0,847.0,353.76729639693946,0.10745272525027809,0.10745272525027809,0.0,0.0,41.77657699584961,True,True
full,tfidf_var_min_df_10,Variation: min_df_10,static_tfidf_svd,sklearn_pipeline,spectral,20,,0,0,discretize,0,0,,euclidean,,17980,rbf,0.1,0.051493623057133245,3.7133682660592138,0.25307436987137955,0.0042031850318370876,1.0,20.0,17980.0,0.0,0.0,1.0,478.0,1496.0,899.0,855.5,226.81600472629793,0.0832035595105673,0.0832035595105673,0.0,0.0,37.363173961639404,True,True
full,tfidf_var_min_df_10,Variation: min_df_10,static_tfidf_svd,sklearn_pipeline,spectral,15,,0,0,discretize,0,0,,euclidean,,17980,rbf,1.0,0.04905341217603255,3.899613890723075,0.26439190274876506,0.048754634264610956,1.0,15.0,17980.0,0.0,0.0,1.0,770.0,1777.0,1198.6666666666667,1142.0,302.0005886675646,0.09883203559510567,0.09883203559510567,0.0,0.0,34.108896255493164,True,True
full,tfidf_var_min_df_10,Variation: min_df_10,static_tfidf_svd,sklearn_pipeline,spectral,20,,0,20,discretize,0,0,,euclidean,,17980,nearest_neighbors,1.0,0.047980283554681764,3.268369452048886,0.18538136135500996,0.06989785349393722,1.0,20.0,17980.0,0.0,0.0,1.0,33.0,5041.0,899.0,609.5,1127.3313621114246,0.2803670745272525,0.2803670745272525,0.0,0.0,334.5153205394745,True,True
full,tfidf_var_min_df_10,Variation: min_df_10,static_tfidf_svd,sklearn_pipeline,spectral,15,,0,0,kmeans,0,0,,euclidean,,17980,rbf,0.1,0.047543715794559786,4.05025945032538,0.23147293667002766,0.09149447253281877,1.0,15.0,17980.0,0.0,0.0,1.0,591.0,2111.0,1198.6666666666667,1228.0,366.10684536378477,0.11740823136818687,0.11740823136818687,0.0,0.0,36.157798051834106,True,True
full,tfidf_var_min_df_10,Variation: min_df_10,static_tfidf_svd,sklearn_pipeline,spectral,30,,0,30,kmeans,0,0,,euclidean,,17980,nearest_neighbors,1.0,0.04741761706487899,2.6899214699043807,0.09562990874483773,0.0,1.0,30.0,17980.0,0.0,0.0,1.0,30.0,7269.0,599.3333333333334,326.0,1292.1533534719822,0.4042825361512792,0.4042825361512792,0.0,0.0,379.63748002052307,True,True
full,tfidf_var_min_df_10,Variation: min_df_10,static_tfidf_svd,sklearn_pipeline,spectral,15,,0,0,discretize,0,0,,euclidean,,17980,rbf,0.1,0.04532335723800425,3.9644466725050203,0.24998261412654535,0.09149447253281877,1.0,15.0,17980.0,0.0,0.0,1.0,909.0,1669.0,1198.6666666666667,1128.0,222.98061699518988,0.09282536151279198,0.09282536151279198,0.0,0.0,32.58692812919617,True,True
full,tfidf_var_min_df_10,Variation: min_df_10,static_tfidf_svd,sklearn_pipeline,spectral,15,,0,0,kmeans,0,0,,euclidean,,17980,rbf,1.0,0.04493113910912974,3.961616151848506,0.19578911529094534,0.025572546437186174,1.0,15.0,17980.0,0.0,0.0,1.0,502.0,2354.0,1198.6666666666667,954.0,650.205061670718,0.13092324805339267,0.13092324805339267,0.0,0.0,38.07021474838257,True,True
full,tfidf_var_min_df_10,Variation: min_df_10,static_tfidf_svd,sklearn_pipeline,spectral,20,,0,30,discretize,0,0,,euclidean,,17980,nearest_neighbors,1.0,0.04374902818206096,3.2300077576368396,0.17032669197011416,0.018947421326411265,1.0,20.0,17980.0,0.0,0.0,1.0,35.0,5402.0,899.0,571.5,1203.1508218008248,0.3004449388209121,0.3004449388209121,0.0,0.0,379.43668246269226,True,True
full,tfidf_var_min_df_10,Variation: min_df_10,static_tfidf_svd,sklearn_pipeline,spectral,30,,0,10,discretize,0,0,,euclidean,,17980,nearest_neighbors,1.0,0.04336030671919396,3.083587018883707,0.1894266536818806,0.05039069848110043,1.0,30.0,17980.0,0.0,0.0,1.0,30.0,4206.0,599.3333333333334,350.5,828.0473953155633,0.2339265850945495,0.2339265850945495,0.0,0.0,247.46759271621704,True,True
full,tfidf_var_min_df_10,Variation: min_df_10,static_tfidf_svd,sklearn_pipeline,spectral,10,,0,0,discretize,0,0,,euclidean,,17980,rbf,1.0,0.04288476338571344,4.3943149832817445,0.2339868612871826,0.0768591456634359,1.0,10.0,17980.0,0.0,0.0,1.0,889.0,2584.0,1798.0,1723.5,456.20368258048944,0.14371523915461623,0.14371523915461623,0.0,0.0,29.218400955200195,True,True
full,tfidf_var_min_df_10,Variation: min_df_10,static_tfidf_svd,sklearn_pipeline,spectral,30,,0,20,kmeans,0,0,,euclidean,,17980,nearest_neighbors,1.0,0.0425547498239336,2.650908483952699,0.09707289658135529,0.10365115893192271,1.0,30.0,17980.0,0.0,0.0,1.0,21.0,7221.0,599.3333333333334,261.5,1289.6339876965956,0.40161290322580645,0.40161290322580645,0.0,0.0,344.98395252227783,True,True
full,tfidf_var_min_df_10,Variation: min_df_10,static_tfidf_svd,sklearn_pipeline,spectral,25,,0,30,kmeans,0,0,,euclidean,,17980,nearest_neighbors,1.0,0.04236064650787646,2.784386342171965,0.08925357513577506,0.07796664750028609,1.0,25.0,17980.0,0.0,0.0,1.0,30.0,7635.0,719.2,353.0,1473.9448564990485,0.4246384872080089,0.4246384872080089,0.0,0.0,377.6883952617645,True,True
full,tfidf_var_min_df_10,Variation: min_df_10,static_tfidf_svd,sklearn_pipeline,spectral,15,,0,30,discretize,0,0,,euclidean,,17980,nearest_neighbors,1.0,0.04162390188340009,3.269249491504487,0.1715772234886307,0.09759355191612797,1.0,15.0,17980.0,0.0,0.0,1.0,35.0,5489.0,1198.6666666666667,492.0,1517.7109371974918,0.3052836484983315,0.3052836484983315,0.0,0.0,368.9256839752197,True,True
full,tfidf_var_min_df_10,Variation: min_df_10,static_tfidf_svd,sklearn_pipeline,spectral,10,,0,0,kmeans,0,0,,euclidean,,17980,rbf,1.0,0.04143936325201369,4.453046032290575,0.1718500625175175,0.03589338773905238,1.0,10.0,17980.0,0.0,0.0,1.0,627.0,3674.0,1798.0,1540.5,883.8615276161759,0.20433815350389323,0.20433815350389323,0.0,0.0,30.59349036216736,True,True
full,tfidf_var_min_df_10,Variation: min_df_10,static_tfidf_svd,sklearn_pipeline,spectral,15,,0,20,discretize,0,0,,euclidean,,17980,nearest_neighbors,1.0,0.04117083389497808,3.2865249272601846,0.17710609652344567,0.02430599014410146,1.0,15.0,17980.0,0.0,0.0,1.0,33.0,5596.0,1198.6666666666667,501.0,1498.636476564243,0.31123470522803115,0.31123470522803115,0.0,0.0,331.28528571128845,True,True
full,tfidf_var_min_df_10,Variation: min_df_10,static_tfidf_svd,sklearn_pipeline,spectral,10,,0,0,discretize,0,0,,euclidean,,17980,rbf,0.1,0.040257346475566294,4.403917361528037,0.2436851976215504,0.018947421326411265,1.0,10.0,17980.0,0.0,0.0,1.0,1378.0,2045.0,1798.0,1776.5,194.21946349426466,0.11373748609566185,0.11373748609566185,0.0,0.0,28.80839252471924,True,True
full,tfidf_var_min_df_10,Variation: min_df_10,static_tfidf_svd,sklearn_pipeline,spectral,10,,0,0,kmeans,0,0,,euclidean,,17980,rbf,0.1,0.04020958676687915,4.626148234387527,0.2164179306930683,0.06401553133809154,1.0,10.0,17980.0,0.0,0.0,1.0,1343.0,2324.0,1798.0,1754.0,316.33336845802404,0.1292547274749722,0.1292547274749722,0.0,0.0,29.536906957626343,True,True
full,tfidf_var_min_df_10,Variation: min_df_10,static_tfidf_svd,sklearn_pipeline,spectral,25,,0,10,discretize,0,0,,euclidean,,17980,nearest_neighbors,1.0,0.04000172407564779,3.081441211741035,0.18870191397655234,1.5267316169254433e-08,1.0,25.0,17980.0,0.0,0.0,1.0,31.0,4787.0,719.2,274.0,1021.8418272903101,0.26624026696329256,0.26624026696329256,0.0,0.0,246.2085461616516,True,True
full,tfidf_var_min_df_10,Variation: min_df_10,static_tfidf_svd,sklearn_pipeline,spectral,25,,0,20,kmeans,0,0,,euclidean,,17980,nearest_neighbors,1.0,0.03786110760315097,2.8063799193727736,0.10028700149644015,0.02656924014756428,1.0,25.0,17980.0,0.0,0.0,1.0,21.0,6962.0,719.2,354.0,1354.1116940636766,0.38720800889877643,0.38720800889877643,0.0,0.0,340.1025233268738,True,True
full,tfidf_var_min_df_10,Variation: min_df_10,static_tfidf_svd,sklearn_pipeline,spectral,15,,0,30,kmeans,0,0,,euclidean,,17980,nearest_neighbors,1.0,0.0375615998512292,2.864228633346115,0.10613091449408119,0.0,1.0,15.0,17980.0,0.0,0.0,1.0,30.0,8188.0,1198.6666666666667,383.0,2031.8573987583106,0.45539488320355953,0.45539488320355953,0.0,0.0,371.86511182785034,True,True
full,tfidf_var_min_df_10,Variation: min_df_10,static_tfidf_svd,sklearn_pipeline,spectral,20,,0,30,kmeans,0,0,,euclidean,,17980,nearest_neighbors,1.0,0.036530739404050334,2.8042652290195536,0.09058762333107073,0.10170019903226686,1.0,20.0,17980.0,0.0,0.0,1.0,30.0,8258.0,899.0,365.0,1771.6712166765028,0.4592880978865406,0.4592880978865406,0.0,0.0,379.38853335380554,True,True
full,tfidf_var_min_df_10,Variation: min_df_10,static_tfidf_svd,sklearn_pipeline,spectral,20,,0,10,discretize,0,0,,euclidean,,17980,nearest_neighbors,1.0,0.03613737587872247,3.131106235219184,0.18293737891876874,0.06179797675559468,1.0,20.0,17980.0,0.0,0.0,1.0,31.0,5180.0,899.0,382.0,1254.6542153119321,0.28809788654060065,0.28809788654060065,0.0,0.0,241.6754286289215,True,True
full,tfidf_var_min_df_10,Variation: min_df_10,static_tfidf_svd,sklearn_pipeline,spectral,15,,0,20,kmeans,0,0,,euclidean,,17980,nearest_neighbors,1.0,0.03609830354802145,2.8807646360003787,0.10265046119530014,0.09149447253281877,1.0,15.0,17980.0,0.0,0.0,1.0,28.0,8371.0,1198.6666666666667,383.0,2058.7395388656837,0.46557285873192433,0.46557285873192433,0.0,0.0,338.5407955646515,True,True
full,tfidf_var_min_df_10,Variation: min_df_10,static_tfidf_svd,sklearn_pipeline,spectral,15,,0,10,discretize,0,0,,euclidean,,17980,nearest_neighbors,1.0,0.03547616594725937,3.231380650374727,0.17211906237372684,0.13833405098930454,1.0,15.0,17980.0,0.0,0.0,1.0,33.0,5654.0,1198.6666666666667,436.0,1571.9351838489467,0.31446051167964406,0.31446051167964406,0.0,0.0,238.66047024726868,True,True
full,tfidf_var_min_df_10,Variation: min_df_10,static_tfidf_svd,sklearn_pipeline,spectral,20,,0,20,kmeans,0,0,,euclidean,,17980,nearest_neighbors,1.0,0.0318831223453624,2.741576413075808,0.09186001356136005,0.004916080725098071,1.0,20.0,17980.0,0.0,0.0,1.0,21.0,8302.0,899.0,366.0,1785.355370787564,0.4617352614015573,0.4617352614015573,0.0,0.0,336.82849192619324,True,True
full,tfidf_var_min_df_10,Variation: min_df_10,static_tfidf_svd,sklearn_pipeline,spectral,10,,0,30,kmeans,0,0,,euclidean,,17980,nearest_neighbors,1.0,0.031141882833873494,2.9329927746720736,0.09087649633984166,0.07518437058835956,1.0,10.0,17980.0,0.0,0.0,1.0,30.0,8770.0,1798.0,281.5,2824.620328468943,0.4877641824249166,0.4877641824249166,0.0,0.0,368.68545961380005,True,True
full,tfidf_var_min_df_10,Variation: min_df_10,static_tfidf_svd,sklearn_pipeline,spectral,10,,0,30,discretize,0,0,,euclidean,,17980,nearest_neighbors,1.0,0.03098705803804742,3.2113972210146606,0.11258992591645837,0.047933694592543846,1.0,10.0,17980.0,0.0,0.0,1.0,36.0,7436.0,1798.0,370.5,2570.1718619578733,0.4135706340378198,0.4135706340378198,0.0,0.0,364.9330668449402,True,True
full,tfidf_var_min_df_10,Variation: min_df_10,static_tfidf_svd,sklearn_pipeline,spectral,15,,0,10,kmeans,0,0,,euclidean,,17980,nearest_neighbors,1.0,0.03097103357375529,2.827318967610351,0.11584257260865016,0.07148461665827316,1.0,15.0,17980.0,0.0,0.0,1.0,13.0,7755.0,1198.6666666666667,349.0,1964.0672312547983,0.4313125695216908,0.4313125695216908,0.0,0.0,240.36647129058838,True,True
full,tfidf_var_min_df_10,Variation: min_df_10,static_tfidf_svd,sklearn_pipeline,spectral,30,,0,10,kmeans,0,0,,euclidean,,17980,nearest_neighbors,1.0,0.026632166502309047,2.6206986171648023,0.1111750016188815,0.07285593767700896,1.0,30.0,17980.0,0.0,0.0,1.0,12.0,6769.0,599.3333333333334,222.5,1239.6678139279447,0.3764738598442714,0.3764738598442714,0.0,0.0,252.36301469802856,True,True
full,tfidf_var_min_df_10,Variation: min_df_10,static_tfidf_svd,sklearn_pipeline,spectral,25,,0,10,kmeans,0,0,,euclidean,,17980,nearest_neighbors,1.0,0.022953377601904128,2.6083270860130123,0.10012949814897532,0.08664480491959847,1.0,25.0,17980.0,0.0,0.0,1.0,13.0,7721.0,719.2,200.0,1521.8874334194365,0.42942157953281423,0.42942157953281423,0.0,0.0,250.26100182533264,True,True
full,tfidf_var_min_df_10,Variation: min_df_10,static_tfidf_svd,sklearn_pipeline,spectral,20,,0,10,kmeans,0,0,,euclidean,,17980,nearest_neighbors,1.0,0.021431065491732532,2.6344894651592154,0.10780169294244298,0.0,1.0,20.0,17980.0,0.0,0.0,1.0,13.0,7879.0,899.0,276.5,1740.510700915108,0.4382091212458287,0.4382091212458287,0.0,0.0,243.3641586303711,True,True
full,tfidf_var_min_df_10,Variation: min_df_10,static_tfidf_svd,sklearn_pipeline,spectral,10,,0,20,discretize,0,0,,euclidean,,17980,nearest_neighbors,1.0,0.020871831209963238,3.011297310519581,0.08861397638995443,0.1512959127223144,1.0,10.0,17980.0,0.0,0.0,1.0,35.0,8447.0,1798.0,200.5,2978.1561073926264,0.46979977753058955,0.46979977753058955,0.0,0.0,324.31320333480835,True,True
full,tfidf_var_min_df_10,Variation: min_df_10,static_tfidf_svd,sklearn_pipeline,spectral,10,,0,20,kmeans,0,0,,euclidean,,17980,nearest_neighbors,1.0,0.020856877940034563,2.6718672688962113,0.08034978448810043,0.16651214514471435,1.0,10.0,17980.0,0.0,0.0,1.0,28.0,8932.0,1798.0,149.5,3094.941647268976,0.4967741935483871,0.4967741935483871,0.0,0.0,327.08790922164917,True,True
full,tfidf_var_min_df_10,Variation: min_df_10,static_tfidf_svd,sklearn_pipeline,spectral,10,,0,10,discretize,0,0,,euclidean,,17980,nearest_neighbors,1.0,0.020198929161946908,2.9970132860953216,0.08787557280008139,0.16651214514471435,1.0,10.0,17980.0,0.0,0.0,1.0,34.0,8500.0,1798.0,192.5,2985.382789526328,0.4727474972191324,0.4727474972191324,0.0,0.0,234.20408964157104,True,True
full,tfidf_var_min_df_10,Variation: min_df_10,static_tfidf_svd,sklearn_pipeline,spectral,10,,0,10,kmeans,0,0,,euclidean,,17980,nearest_neighbors,1.0,0.020181476624097416,2.6569818179815603,0.07878539771131138,0.07148461665827316,1.0,10.0,17980.0,0.0,0.0,1.0,26.0,9130.0,1798.0,145.0,3114.5464196251755,0.5077864293659622,0.5077864293659622,0.0,0.0,235.77338123321533,True,True
full,tfidf_var_min_df_10,Variation: min_df_10,static_tfidf_svd,sklearn_pipeline,spectral,15,,0,0,kmeans,0,0,,euclidean,,17980,rbf,10.0,-0.038975568220097394,2.0082910828573515,0.06572316390539236,0.2845836396137849,1.0,15.0,17980.0,0.0,0.0,1.0,2.0,10479.0,1198.6666666666667,20.0,2882.4143969172014,0.5828142380422692,0.5828142380422692,5.0,0.0008898776418242492,123.89510178565979,True,True
full,tfidf_var_min_df_2,Variation: min_df_2,static_tfidf_svd,sklearn_pipeline,spectral,30,,0,0,discretize,0,0,,euclidean,,17980,rbf,1.0,0.06661072609014143,3.2752136000567655,0.23318803404442842,0.07995083615366844,1.0,30.0,17980.0,0.0,0.0,1.0,280.0,884.0,599.3333333333334,578.0,145.44055677683426,0.04916573971078977,0.04916573971078977,0.0,0.0,37.65211009979248,True,True
full,tfidf_var_min_df_2,Variation: min_df_2,static_tfidf_svd,sklearn_pipeline,spectral,30,,0,0,kmeans,0,0,,euclidean,,17980,rbf,1.0,0.06384326777575929,3.393474150363717,0.17531874928167937,0.036876067411747704,1.0,30.0,17980.0,0.0,0.0,1.0,75.0,1952.0,599.3333333333334,491.5,356.50070905337,0.1085650723025584,0.1085650723025584,0.0,0.0,44.39810228347778,True,True
full,tfidf_var_min_df_2,Variation: min_df_2,static_tfidf_svd,sklearn_pipeline,spectral,25,,0,0,discretize,0,0,,euclidean,,17980,rbf,1.0,0.06261433123946465,3.388836926145609,0.24863991692642837,0.061226602260005224,1.0,25.0,17980.0,0.0,0.0,1.0,317.0,1343.0,719.2,672.0,247.12733559847243,0.07469410456062292,0.07469410456062292,0.0,0.0,36.037052154541016,True,True
full,tfidf_var_min_df_2,Variation: min_df_2,static_tfidf_svd,sklearn_pipeline,spectral,30,,0,0,discretize,0,0,,euclidean,,17980,rbf,0.1,0.06112827913904872,3.3288057757534664,0.2396615696210432,0.052041766849298836,1.0,30.0,17980.0,0.0,0.0,1.0,279.0,1008.0,599.3333333333334,585.5,146.7156736306278,0.0560622914349277,0.0560622914349277,0.0,0.0,37.2675404548645,True,True
full,tfidf_var_min_df_2,Variation: min_df_2,static_tfidf_svd,sklearn_pipeline,spectral,30,,0,0,kmeans,0,0,,euclidean,,17980,rbf,0.1,0.061081760777788034,3.393486149808711,0.21307319497361069,0.05981574733895285,1.0,30.0,17980.0,0.0,0.0,1.0,403.0,1136.0,599.3333333333334,559.0,175.76714394018268,0.0631813125695217,0.0631813125695217,0.0,0.0,44.053107500076294,True,True
full,tfidf_var_min_df_2,Variation: min_df_2,static_tfidf_svd,sklearn_pipeline,spectral,30,,0,30,discretize,0,0,,euclidean,,17980,nearest_neighbors,1.0,0.060825252027502004,3.1144110131674956,0.2162476974627358,0.0469609656355713,1.0,30.0,17980.0,0.0,0.0,1.0,37.0,3201.0,599.3333333333334,442.5,631.1548850233902,0.17803114571746384,0.17803114571746384,0.0,0.0,366.57155323028564,True,True
full,tfidf_var_min_df_2,Variation: min_df_2,static_tfidf_svd,sklearn_pipeline,spectral,25,,0,0,kmeans,0,0,,euclidean,,17980,rbf,1.0,0.05858602743168466,3.450600645091222,0.18763503959331002,0.03097854989630239,1.0,25.0,17980.0,0.0,0.0,1.0,201.0,2052.0,719.2,557.0,439.9547249433742,0.11412680756395996,0.11412680756395996,0.0,0.0,38.94886350631714,True,True
full,tfidf_var_min_df_2,Variation: min_df_2,static_tfidf_svd,sklearn_pipeline,spectral,20,,0,0,discretize,0,0,,euclidean,,17980,rbf,1.0,0.057883855632784344,3.6047552182270146,0.26379271725662923,0.08433309551268055,1.0,20.0,17980.0,0.0,0.0,1.0,356.0,1624.0,899.0,905.0,300.7510598485066,0.09032258064516129,0.09032258064516129,0.0,0.0,39.591962814331055,True,True
full,tfidf_var_min_df_2,Variation: min_df_2,static_tfidf_svd,sklearn_pipeline,spectral,25,,0,0,kmeans,0,0,,euclidean,,17980,rbf,0.1,0.05721723560759061,3.661686658094544,0.2297757711134014,0.05563109954193546,1.0,25.0,17980.0,0.0,0.0,1.0,451.0,1621.0,719.2,654.0,266.3776266881286,0.09015572858731924,0.09015572858731924,0.0,0.0,39.14048743247986,True,True
full,tfidf_var_min_df_2,Variation: min_df_2,static_tfidf_svd,sklearn_pipeline,spectral,25,,0,0,discretize,0,0,,euclidean,,17980,rbf,0.1,0.056145378668781096,3.543073955800695,0.2451945804521242,0.06791838853873687,1.0,25.0,17980.0,0.0,0.0,1.0,239.0,1232.0,719.2,697.0,177.99865168028663,0.06852057842046719,0.06852057842046719,0.0,0.0,35.77717471122742,True,True
full,tfidf_var_min_df_2,Variation: min_df_2,static_tfidf_svd,sklearn_pipeline,spectral,30,,0,20,discretize,0,0,,euclidean,,17980,nearest_neighbors,1.0,0.05460136644173609,3.1255955174272914,0.20662455753504158,0.052057375960541455,1.0,30.0,17980.0,0.0,0.0,1.0,25.0,3352.0,599.3333333333334,432.5,692.3576307724852,0.1864293659621802,0.1864293659621802,0.0,0.0,327.70569491386414,True,True
full,tfidf_var_min_df_2,Variation: min_df_2,static_tfidf_svd,sklearn_pipeline,spectral,20,,0,0,kmeans,0,0,,euclidean,,17980,rbf,1.0,0.0537284596497307,3.4824326288387994,0.18810552053007915,0.05977242544704504,1.0,20.0,17980.0,0.0,0.0,1.0,206.0,2753.0,899.0,601.5,667.6943911700921,0.15311457174638488,0.15311457174638488,0.0,0.0,36.66581726074219,True,True
full,tfidf_var_min_df_2,Variation: min_df_2,static_tfidf_svd,sklearn_pipeline,spectral,25,,0,30,discretize,0,0,,euclidean,,17980,nearest_neighbors,1.0,0.0532139195993436,3.2042044236552143,0.19859034085631735,0.07697967343875918,1.0,25.0,17980.0,0.0,0.0,1.0,37.0,3821.0,719.2,474.0,819.3587736760985,0.2125139043381535,0.2125139043381535,0.0,0.0,365.5671055316925,True,True
full,tfidf_var_min_df_2,Variation: min_df_2,static_tfidf_svd,sklearn_pipeline,spectral,20,,0,0,kmeans,0,0,,euclidean,,17980,rbf,0.1,0.05249740780812431,3.950961681588415,0.22437328395604847,0.07944508397618277,1.0,20.0,17980.0,0.0,0.0,1.0,504.0,1807.0,899.0,863.5,339.33744267321873,0.10050055617352614,0.10050055617352614,0.0,0.0,36.857171058654785,True,True
full,tfidf_var_min_df_2,Variation: min_df_2,static_tfidf_svd,sklearn_pipeline,spectral,25,,0,20,discretize,0,0,,euclidean,,17980,nearest_neighbors,1.0,0.052496346059425186,3.1651992776884175,0.19372398667805263,0.058951276490480306,1.0,25.0,17980.0,0.0,0.0,1.0,29.0,4045.0,719.2,519.0,835.0444778573175,0.224972191323693,0.224972191323693,0.0,0.0,331.5050072669983,True,True
full,tfidf_var_min_df_2,Variation: min_df_2,static_tfidf_svd,sklearn_pipeline,spectral,20,,0,0,discretize,0,0,,euclidean,,17980,rbf,0.1,0.05159125903713407,3.6527433104193094,0.2500866688680256,0.041160422963842445,1.0,20.0,17980.0,0.0,0.0,1.0,654.0,1471.0,899.0,826.5,210.24794886038723,0.08181312569521691,0.08181312569521691,0.0,0.0,34.191930532455444,True,True
full,tfidf_var_min_df_2,Variation: min_df_2,static_tfidf_svd,sklearn_pipeline,spectral,20,,0,30,discretize,0,0,,euclidean,,17980,nearest_neighbors,1.0,0.04857405249204723,3.275393096816839,0.1801728945700027,0.0,1.0,20.0,17980.0,0.0,0.0,1.0,37.0,4860.0,899.0,707.5,1075.848827670505,0.27030033370411566,0.27030033370411566,0.0,0.0,365.78481340408325,True,True
full,tfidf_var_min_df_2,Variation: min_df_2,static_tfidf_svd,sklearn_pipeline,spectral,15,,0,0,discretize,0,0,,euclidean,,17980,rbf,1.0,0.04854654570746476,3.896708651530103,0.26240536990854263,0.05703439505267293,1.0,15.0,17980.0,0.0,0.0,1.0,778.0,1782.0,1198.6666666666667,1151.0,307.63889365437666,0.09911012235817575,0.09911012235817575,0.0,0.0,36.57716965675354,True,True
full,tfidf_var_min_df_2,Variation: min_df_2,static_tfidf_svd,sklearn_pipeline,spectral,30,,0,30,kmeans,0,0,,euclidean,,17980,nearest_neighbors,1.0,0.04785157328132126,2.7040742870918835,0.09105012722094236,0.0703601742009144,1.0,30.0,17980.0,0.0,0.0,1.0,28.0,7301.0,599.3333333333334,347.5,1287.1960051039453,0.4060622914349277,0.4060622914349277,0.0,0.0,369.9035656452179,True,True
full,tfidf_var_min_df_2,Variation: min_df_2,static_tfidf_svd,sklearn_pipeline,spectral,15,,0,0,kmeans,0,0,,euclidean,,17980,rbf,0.1,0.047573513567334136,4.0624006824805035,0.23411027864051542,0.04923691506932074,1.0,15.0,17980.0,0.0,0.0,1.0,601.0,2095.0,1198.6666666666667,1173.0,367.29455330686415,0.11651835372636263,0.11651835372636263,0.0,0.0,34.6374626159668,True,True
full,tfidf_var_min_df_2,Variation: min_df_2,static_tfidf_svd,sklearn_pipeline,spectral,15,,0,0,discretize,0,0,,euclidean,,17980,rbf,0.1,0.04696494556665482,3.929808641380283,0.2560266273944946,0.03113823566881163,1.0,15.0,17980.0,0.0,0.0,1.0,902.0,1686.0,1198.6666666666667,1165.0,238.90044416497477,0.09377085650723026,0.09377085650723026,0.0,0.0,31.890918493270874,True,True
full,tfidf_var_min_df_2,Variation: min_df_2,static_tfidf_svd,sklearn_pipeline,spectral,15,,0,30,discretize,0,0,,euclidean,,17980,nearest_neighbors,1.0,0.046836723924766996,3.300096276518004,0.1779311062823057,0.16636094147298794,1.0,15.0,17980.0,0.0,0.0,1.0,39.0,5645.0,1198.6666666666667,718.0,1452.4489511013996,0.3139599555061179,0.3139599555061179,0.0,0.0,365.53138256073,True,True
full,tfidf_var_min_df_2,Variation: min_df_2,static_tfidf_svd,sklearn_pipeline,spectral,15,,0,0,kmeans,0,0,,euclidean,,17980,rbf,1.0,0.045068677324201334,3.933060372085473,0.1996362480268652,0.034639043494347724,1.0,15.0,17980.0,0.0,0.0,1.0,511.0,2463.0,1198.6666666666667,955.0,639.0106589269244,0.13698553948832035,0.13698553948832035,0.0,0.0,34.4797158241272,True,True
full,tfidf_var_min_df_2,Variation: min_df_2,static_tfidf_svd,sklearn_pipeline,spectral,20,,0,20,discretize,0,0,,euclidean,,17980,nearest_neighbors,1.0,0.044518439134840035,3.1968396281691236,0.17609534568674662,0.122503711056565,1.0,20.0,17980.0,0.0,0.0,1.0,30.0,5344.0,899.0,650.5,1181.567772072343,0.2972191323692992,0.2972191323692992,0.0,0.0,327.8535716533661,True,True
full,tfidf_var_min_df_2,Variation: min_df_2,static_tfidf_svd,sklearn_pipeline,spectral,30,,0,10,discretize,0,0,,euclidean,,17980,nearest_neighbors,1.0,0.044456250888969345,3.1996123492161432,0.2054732194247834,0.12007686499431189,1.0,30.0,17980.0,0.0,0.0,1.0,26.0,3506.0,599.3333333333334,403.5,730.4723738026571,0.1949944382647386,0.1949944382647386,0.0,0.0,248.65950870513916,True,True
full,tfidf_var_min_df_2,Variation: min_df_2,static_tfidf_svd,sklearn_pipeline,spectral,25,,0,30,kmeans,0,0,,euclidean,,17980,nearest_neighbors,1.0,0.04351980893634484,2.830477816012246,0.10426694184550883,0.0703601742009144,1.0,25.0,17980.0,0.0,0.0,1.0,28.0,6849.0,719.2,370.0,1329.9804509841488,0.38092324805339267,0.38092324805339267,0.0,0.0,369.4756693840027,True,True
full,tfidf_var_min_df_2,Variation: min_df_2,static_tfidf_svd,sklearn_pipeline,spectral,10,,0,0,discretize,0,0,,euclidean,,17980,rbf,1.0,0.04286683700155456,4.387756099178956,0.2331019237951543,0.04923691506932074,1.0,10.0,17980.0,0.0,0.0,1.0,892.0,2592.0,1798.0,1706.5,464.94365249995616,0.14416017797552835,0.14416017797552835,0.0,0.0,29.228394508361816,True,True
full,tfidf_var_min_df_2,Variation: min_df_2,static_tfidf_svd,sklearn_pipeline,spectral,15,,0,30,kmeans,0,0,,euclidean,,17980,nearest_neighbors,1.0,0.04282359936362876,2.9796674313210874,0.10790224852907991,0.018649654033707913,1.0,15.0,17980.0,0.0,0.0,1.0,29.0,7944.0,1198.6666666666667,523.0,1943.4785880534478,0.4418242491657397,0.4418242491657397,0.0,0.0,365.0618510246277,True,True
full,tfidf_var_min_df_2,Variation: min_df_2,static_tfidf_svd,sklearn_pipeline,spectral,10,,0,0,kmeans,0,0,,euclidean,,17980,rbf,1.0,0.04149479126096883,4.446498787877456,0.1725604765232954,0.0894980515634126,1.0,10.0,17980.0,0.0,0.0,1.0,641.0,3680.0,1798.0,1548.0,876.9660198662203,0.20467185761957732,0.20467185761957732,0.0,0.0,30.608150959014893,True,True
full,tfidf_var_min_df_2,Variation: min_df_2,static_tfidf_svd,sklearn_pipeline,spectral,25,,0,10,discretize,0,0,,euclidean,,17980,nearest_neighbors,1.0,0.04102960203361197,3.152328160867135,0.1831597599482752,0.0,1.0,25.0,17980.0,0.0,0.0,1.0,26.0,4631.0,719.2,426.0,978.5209246612973,0.2575639599555061,0.2575639599555061,0.0,0.0,247.02450847625732,True,True
full,tfidf_var_min_df_2,Variation: min_df_2,static_tfidf_svd,sklearn_pipeline,spectral,30,,0,20,kmeans,0,0,,euclidean,,17980,nearest_neighbors,1.0,0.040832440101067916,2.688008225405338,0.09229088013403462,0.052057375960541455,1.0,30.0,17980.0,0.0,0.0,1.0,20.0,7267.0,599.3333333333334,270.5,1296.0045610344982,0.4041713014460512,0.4041713014460512,0.0,0.0,332.24032187461853,True,True
full,tfidf_var_min_df_2,Variation: min_df_2,static_tfidf_svd,sklearn_pipeline,spectral,10,,0,0,discretize,0,0,,euclidean,,17980,rbf,0.1,0.04010909545810742,4.407209229899075,0.24186405306250397,0.006910185810598926,1.0,10.0,17980.0,0.0,0.0,1.0,1393.0,2071.0,1798.0,1761.5,199.87045804720617,0.11518353726362625,0.11518353726362625,0.0,0.0,28.787965297698975,True,True
full,tfidf_var_min_df_2,Variation: min_df_2,static_tfidf_svd,sklearn_pipeline,spectral,10,,0,0,kmeans,0,0,,euclidean,,17980,rbf,0.1,0.04009091818933276,4.6216474278859785,0.21488765801886386,0.04923691506932074,1.0,10.0,17980.0,0.0,0.0,1.0,1331.0,2282.0,1798.0,1782.5,309.2962980703131,0.12691879866518355,0.12691879866518355,0.0,0.0,34.28409123420715,True,True
full,tfidf_var_min_df_2,Variation: min_df_2,static_tfidf_svd,sklearn_pipeline,spectral,15,,0,20,discretize,0,0,,euclidean,,17980,nearest_neighbors,1.0,0.039290506840875886,3.213105046453007,0.17239571791427752,0.11679565615380452,1.0,15.0,17980.0,0.0,0.0,1.0,32.0,5551.0,1198.6666666666667,502.0,1540.7060142097914,0.3087319243604004,0.3087319243604004,0.0,0.0,318.6197872161865,True,True
full,tfidf_var_min_df_2,Variation: min_df_2,static_tfidf_svd,sklearn_pipeline,spectral,20,,0,20,kmeans,0,0,,euclidean,,17980,nearest_neighbors,1.0,0.03745654694584365,2.858785467782339,0.09361897676460999,0.11133935411825945,1.0,20.0,17980.0,0.0,0.0,1.0,22.0,7927.0,899.0,453.5,1692.3956688670648,0.44087875417130146,0.44087875417130146,0.0,0.0,328.71892523765564,True,True
full,tfidf_var_min_df_2,Variation: min_df_2,static_tfidf_svd,sklearn_pipeline,spectral,25,,0,20,kmeans,0,0,,euclidean,,17980,nearest_neighbors,1.0,0.036729522339464866,2.775319952853441,0.0891908557912499,0.052057375960541455,1.0,25.0,17980.0,0.0,0.0,1.0,21.0,7631.0,719.2,377.0,1472.5963737562306,0.42441601779755284,0.42441601779755284,0.0,0.0,330.91283559799194,True,True
full,tfidf_var_min_df_2,Variation: min_df_2,static_tfidf_svd,sklearn_pipeline,spectral,20,,0,10,discretize,0,0,,euclidean,,17980,nearest_neighbors,1.0,0.03642547217483635,3.196265909338035,0.1678601218609162,0.0,1.0,20.0,17980.0,0.0,0.0,1.0,26.0,5527.0,899.0,474.5,1262.91405091558,0.30739710789766406,0.30739710789766406,0.0,0.0,246.76470470428467,True,True
full,tfidf_var_min_df_2,Variation: min_df_2,static_tfidf_svd,sklearn_pipeline,spectral,20,,0,30,kmeans,0,0,,euclidean,,17980,nearest_neighbors,1.0,0.036211529998491046,2.821003745314169,0.08672212172133642,0.06913733794285133,1.0,20.0,17980.0,0.0,0.0,1.0,28.0,8297.0,899.0,431.0,1772.5562896562692,0.46145717463848723,0.46145717463848723,0.0,0.0,368.66934728622437,True,True
full,tfidf_var_min_df_2,Variation: min_df_2,static_tfidf_svd,sklearn_pipeline,spectral,15,,0,20,kmeans,0,0,,euclidean,,17980,nearest_neighbors,1.0,0.03418656009349127,2.8789367102676766,0.10300245369900193,0.18936788344209515,1.0,15.0,17980.0,0.0,0.0,1.0,22.0,8291.0,1198.6666666666667,379.0,2045.7819586217447,0.4611234705228031,0.4611234705228031,0.0,0.0,322.66194558143616,True,True
full,tfidf_var_min_df_2,Variation: min_df_2,static_tfidf_svd,sklearn_pipeline,spectral,15,,0,10,discretize,0,0,,euclidean,,17980,nearest_neighbors,1.0,0.03224515968354732,3.26647253028309,0.1722863892238277,0.1315018736948875,1.0,15.0,17980.0,0.0,0.0,1.0,26.0,5475.0,1198.6666666666667,434.0,1548.7892332040822,0.30450500556173526,0.30450500556173526,0.0,0.0,236.95601773262024,True,True
full,tfidf_var_min_df_2,Variation: min_df_2,static_tfidf_svd,sklearn_pipeline,spectral,10,,0,30,kmeans,0,0,,euclidean,,17980,nearest_neighbors,1.0,0.031189800107253137,2.9378755398991805,0.09193877680201422,0.06913733794285133,1.0,10.0,17980.0,0.0,0.0,1.0,29.0,8671.0,1798.0,279.5,2807.096970181116,0.482258064516129,0.482258064516129,0.0,0.0,356.4395968914032,True,True
full,tfidf_var_min_df_2,Variation: min_df_2,static_tfidf_svd,sklearn_pipeline,spectral,10,,0,30,discretize,0,0,,euclidean,,17980,nearest_neighbors,1.0,0.03090016302448188,3.2155810420209647,0.11294817826821602,0.057613436199561906,1.0,10.0,17980.0,0.0,0.0,1.0,40.0,7376.0,1798.0,370.0,2563.269123599783,0.4102335928809789,0.4102335928809789,0.0,0.0,354.37051033973694,True,True
full,tfidf_var_min_df_2,Variation: min_df_2,static_tfidf_svd,sklearn_pipeline,spectral,20,,0,10,kmeans,0,0,,euclidean,,17980,nearest_neighbors,1.0,0.024795786015622004,2.6924456616825863,0.09206665688719717,0.01705644314901415,1.0,20.0,17980.0,0.0,0.0,1.0,13.0,8292.0,899.0,367.0,1795.176119493572,0.4611790878754171,0.4611790878754171,0.0,0.0,250.78208351135254,True,True
full,tfidf_var_min_df_2,Variation: min_df_2,static_tfidf_svd,sklearn_pipeline,spectral,30,,0,10,kmeans,0,0,,euclidean,,17980,nearest_neighbors,1.0,0.024749211214353316,2.6443978305501648,0.10736323733353945,0.0703601742009144,1.0,30.0,17980.0,0.0,0.0,1.0,13.0,6604.0,599.3333333333334,256.5,1211.9233565792115,0.36729699666295884,0.36729699666295884,0.0,0.0,251.46356654167175,True,True
full,tfidf_var_min_df_2,Variation: min_df_2,static_tfidf_svd,sklearn_pipeline,spectral,15,,0,10,kmeans,0,0,,euclidean,,17980,nearest_neighbors,1.0,0.020217493830408,2.7526450061170236,0.06768251725373049,0.06913733794285133,1.0,15.0,17980.0,0.0,0.0,1.0,18.0,10294.0,1198.6666666666667,351.0,2497.6829974109114,0.5725250278086763,0.5725250278086763,0.0,0.0,245.26743030548096,True,True
full,tfidf_var_min_df_2,Variation: min_df_2,static_tfidf_svd,sklearn_pipeline,spectral,10,,0,20,discretize,0,0,,euclidean,,17980,nearest_neighbors,1.0,0.018526131908364496,2.941832043877082,0.0885868414752233,0.09227739902799426,1.0,10.0,17980.0,0.0,0.0,1.0,33.0,8613.0,1798.0,201.5,2996.087014757749,0.4790322580645161,0.4790322580645161,0.0,0.0,313.1566836833954,True,True
full,tfidf_var_min_df_2,Variation: min_df_2,static_tfidf_svd,sklearn_pipeline,spectral,10,,0,10,discretize,0,0,,euclidean,,17980,nearest_neighbors,1.0,0.01802169802910738,2.933875613116183,0.08823778024671675,0.13383771838028632,1.0,10.0,17980.0,0.0,0.0,1.0,26.0,8608.0,1798.0,195.0,2997.8075988962332,0.47875417130144604,0.47875417130144604,0.0,0.0,236.3323519229889,True,True
full,tfidf_var_min_df_2,Variation: min_df_2,static_tfidf_svd,sklearn_pipeline,spectral,10,,0,20,kmeans,0,0,,euclidean,,17980,nearest_neighbors,1.0,0.01790663319327876,2.643805321210766,0.07943655620802374,0.122503711056565,1.0,10.0,17980.0,0.0,0.0,1.0,22.0,9126.0,1798.0,148.5,3114.3333154946663,0.5075639599555061,0.5075639599555061,0.0,0.0,315.43384432792664,True,True
full,tfidf_var_min_df_2,Variation: min_df_2,static_tfidf_svd,sklearn_pipeline,spectral,25,,0,10,kmeans,0,0,,euclidean,,17980,nearest_neighbors,1.0,0.01772835050604705,2.590573113449542,0.08594208818790598,0.0703601742009144,1.0,25.0,17980.0,0.0,0.0,1.0,13.0,8210.0,719.2,187.0,1610.597628211342,0.45661846496106784,0.45661846496106784,0.0,0.0,249.67483043670654,True,True
full,tfidf_var_min_df_2,Variation: min_df_2,static_tfidf_svd,sklearn_pipeline,spectral,10,,0,10,kmeans,0,0,,euclidean,,17980,nearest_neighbors,1.0,0.017263438105258523,2.641511605410811,0.07946506074143037,0.06913733794285133,1.0,10.0,17980.0,0.0,0.0,1.0,23.0,9203.0,1798.0,137.5,3125.2904185051348,0.5118464961067853,0.5118464961067853,0.0,0.0,235.492990732193,True,True
full,tfidf_var_min_df_2,Variation: min_df_2,static_tfidf_svd,sklearn_pipeline,spectral,15,,0,0,kmeans,0,0,,euclidean,,17980,rbf,10.0,-0.04121465489268962,1.99500402523755,0.06391268773000616,0.2756502406733939,1.0,15.0,17980.0,0.0,0.0,1.0,2.0,10631.0,1198.6666666666667,19.0,2900.648563492118,0.5912680756395996,0.5912680756395996,5.0,0.0008898776418242492,97.4082612991333,True,True
full,tfidf_var_min_df_20,Variation: min_df_20,static_tfidf_svd,sklearn_pipeline,spectral,30,,0,0,discretize,0,0,,euclidean,,17979,rbf,1.0,0.06597482326901678,3.3151624069252277,0.23324673930730513,0.10792541325469669,1.0,30.0,17979.0,0.0,0.0,1.0,307.0,883.0,599.3,578.0,144.65456554610827,0.04911285388508816,0.04911285388508816,0.0,0.0,40.155553579330444,True,True
full,tfidf_var_min_df_20,Variation: min_df_20,static_tfidf_svd,sklearn_pipeline,spectral,30,,0,0,kmeans,0,0,,euclidean,,17979,rbf,1.0,0.06381994929622072,3.3607444322998234,0.170763918214768,0.04089829435833481,1.0,30.0,17979.0,0.0,0.0,1.0,75.0,2398.0,599.3,489.5,401.0140604351257,0.13337782969019413,0.13337782969019413,0.0,0.0,47.07500886917114,True,True
full,tfidf_var_min_df_20,Variation: min_df_20,static_tfidf_svd,sklearn_pipeline,spectral,25,,0,0,discretize,0,0,,euclidean,,17979,rbf,1.0,0.06257761216322694,3.333992575570862,0.2479512350908036,0.02845060070341314,1.0,25.0,17979.0,0.0,0.0,1.0,319.0,1276.0,719.16,681.0,232.89030550883822,0.07097168919294733,0.07097168919294733,0.0,0.0,40.65397310256958,True,True
full,tfidf_var_min_df_20,Variation: min_df_20,static_tfidf_svd,sklearn_pipeline,spectral,30,,0,30,discretize,0,0,,euclidean,,17979,nearest_neighbors,1.0,0.060267416325414845,3.090799961288598,0.2165517726120516,0.04800309257500781,1.0,30.0,17979.0,0.0,0.0,1.0,36.0,3318.0,599.3,451.5,644.0700350117213,0.18454864008009345,0.18454864008009345,0.0,0.0,344.1826882362366,True,True
full,tfidf_var_min_df_20,Variation: min_df_20,static_tfidf_svd,sklearn_pipeline,spectral,30,,0,0,kmeans,0,0,,euclidean,,17979,rbf,0.1,0.06010950420268312,3.472789616501772,0.2137299799458385,0.07073990682408131,1.0,30.0,17979.0,0.0,0.0,1.0,412.0,945.0,599.3,552.0,144.17862763484285,0.05256132154179877,0.05256132154179877,0.0,0.0,42.7725944519043,True,True
full,tfidf_var_min_df_20,Variation: min_df_20,static_tfidf_svd,sklearn_pipeline,spectral,30,,0,0,discretize,0,0,,euclidean,,17979,rbf,0.1,0.059798144978985945,3.3290574254982923,0.23061208723608392,0.07823315192841844,1.0,30.0,17979.0,0.0,0.0,1.0,360.0,890.0,599.3,594.5,120.43259525560346,0.04950219700762,0.04950219700762,0.0,0.0,41.42566132545471,True,True
full,tfidf_var_min_df_20,Variation: min_df_20,static_tfidf_svd,sklearn_pipeline,spectral,25,,0,0,kmeans,0,0,,euclidean,,17979,rbf,1.0,0.058221310494810996,3.4344201958656253,0.18388165578805907,0.055755254014853144,1.0,25.0,17979.0,0.0,0.0,1.0,204.0,1950.0,719.16,512.0,437.08568313318165,0.10845986984815618,0.10845986984815618,0.0,0.0,42.1378219127655,True,True
full,tfidf_var_min_df_20,Variation: min_df_20,static_tfidf_svd,sklearn_pipeline,spectral,20,,0,0,discretize,0,0,,euclidean,,17979,rbf,1.0,0.05731396151360126,3.609478540403997,0.2527540735978162,0.045280009781154526,1.0,20.0,17979.0,0.0,0.0,1.0,368.0,1585.0,898.95,890.0,295.5209764128428,0.08815840703042438,0.08815840703042438,0.0,0.0,37.63227581977844,True,True
full,tfidf_var_min_df_20,Variation: min_df_20,static_tfidf_svd,sklearn_pipeline,spectral,25,,0,0,kmeans,0,0,,euclidean,,17979,rbf,0.1,0.05678436026590088,3.6745188374779914,0.22535215136981498,0.05564951026559384,1.0,25.0,17979.0,0.0,0.0,1.0,467.0,1628.0,719.16,661.0,261.884658580834,0.09055008621169142,0.09055008621169142,0.0,0.0,47.42280554771423,True,True
full,tfidf_var_min_df_20,Variation: min_df_20,static_tfidf_svd,sklearn_pipeline,spectral,25,,0,0,discretize,0,0,,euclidean,,17979,rbf,0.1,0.056370614377679186,3.4034517157528863,0.2415533382628882,0.05732103725419963,1.0,25.0,17979.0,0.0,0.0,1.0,515.0,1243.0,719.16,675.0,156.7685376598251,0.06913621447244007,0.06913621447244007,0.0,0.0,38.84539270401001,True,True
full,tfidf_var_min_df_20,Variation: min_df_20,static_tfidf_svd,sklearn_pipeline,spectral,30,,0,20,discretize,0,0,,euclidean,,17979,nearest_neighbors,1.0,0.05633172035186816,3.127647810924387,0.20907340261172927,0.02579828407810317,1.0,30.0,17979.0,0.0,0.0,1.0,36.0,3214.0,599.3,432.5,653.4221274694228,0.17876411368819178,0.17876411368819178,0.0,0.0,322.97906827926636,True,True
full,tfidf_var_min_df_20,Variation: min_df_20,static_tfidf_svd,sklearn_pipeline,spectral,20,,0,0,kmeans,0,0,,euclidean,,17979,rbf,1.0,0.05338742834782466,3.6210061358166925,0.19227876725612222,0.05152037456041461,1.0,20.0,17979.0,0.0,0.0,1.0,203.0,2577.0,898.95,676.0,595.9214272871885,0.1433338895377941,0.1433338895377941,0.0,0.0,39.38139319419861,True,True
full,tfidf_var_min_df_20,Variation: min_df_20,static_tfidf_svd,sklearn_pipeline,spectral,25,,0,30,discretize,0,0,,euclidean,,17979,nearest_neighbors,1.0,0.052003900588597364,3.126946149695226,0.19140008410635295,0.047011248867631146,1.0,25.0,17979.0,0.0,0.0,1.0,36.0,4342.0,719.16,480.0,887.9508851282261,0.24150397686189443,0.24150397686189443,0.0,0.0,346.7770199775696,True,True
full,tfidf_var_min_df_20,Variation: min_df_20,static_tfidf_svd,sklearn_pipeline,spectral,20,,0,0,kmeans,0,0,,euclidean,,17979,rbf,0.1,0.05195998448232782,3.9361497041475353,0.2201767548354649,0.09626063235658429,1.0,20.0,17979.0,0.0,0.0,1.0,500.0,1905.0,898.95,857.0,344.9509349168371,0.1059569497747372,0.1059569497747372,0.0,0.0,39.21989130973816,True,True
full,tfidf_var_min_df_20,Variation: min_df_20,static_tfidf_svd,sklearn_pipeline,spectral,20,,0,0,discretize,0,0,,euclidean,,17979,rbf,0.1,0.05115149084706465,3.633661367128519,0.2458907867258324,0.0199443890261162,1.0,20.0,17979.0,0.0,0.0,1.0,666.0,1465.0,898.95,819.5,210.28206652018616,0.08148395350130708,0.08148395350130708,0.0,0.0,37.30916929244995,True,True
full,tfidf_var_min_df_20,Variation: min_df_20,static_tfidf_svd,sklearn_pipeline,spectral,25,,0,20,discretize,0,0,,euclidean,,17979,nearest_neighbors,1.0,0.051071493318016255,3.158294615462976,0.18551534093187286,0.0,1.0,25.0,17979.0,0.0,0.0,1.0,35.0,4279.0,719.16,468.0,884.0453689715252,0.23799988875910785,0.23799988875910785,0.0,0.0,321.81774950027466,True,True
full,tfidf_var_min_df_20,Variation: min_df_20,static_tfidf_svd,sklearn_pipeline,spectral,15,,0,0,discretize,0,0,,euclidean,,17979,rbf,1.0,0.048030663261321466,3.9104962720030643,0.26123714018815597,0.07248686001678,1.0,15.0,17979.0,0.0,0.0,1.0,775.0,1792.0,1198.6,1131.0,300.9289617168809,0.09967183936815173,0.09967183936815173,0.0,0.0,35.93402075767517,True,True
full,tfidf_var_min_df_20,Variation: min_df_20,static_tfidf_svd,sklearn_pipeline,spectral,15,,0,0,kmeans,0,0,,euclidean,,17979,rbf,0.1,0.047628073557729515,4.035333599457716,0.2311690662898682,0.05350436773987256,1.0,15.0,17979.0,0.0,0.0,1.0,608.0,2031.0,1198.6,1197.0,356.792526080167,0.11296512598031036,0.11296512598031036,0.0,0.0,37.66619372367859,True,True
full,tfidf_var_min_df_20,Variation: min_df_20,static_tfidf_svd,sklearn_pipeline,spectral,20,,0,20,discretize,0,0,,euclidean,,17979,nearest_neighbors,1.0,0.046712675248162285,3.2364146765576307,0.1791166837969987,0.09359695530078543,1.0,20.0,17979.0,0.0,0.0,1.0,36.0,5209.0,898.95,580.0,1163.8120756806056,0.28972690360976694,0.28972690360976694,0.0,0.0,320.62149143218994,True,True
full,tfidf_var_min_df_20,Variation: min_df_20,static_tfidf_svd,sklearn_pipeline,spectral,15,,0,0,discretize,0,0,,euclidean,,17979,rbf,0.1,0.04658943041801858,3.9402435642707436,0.25482626859617014,0.031090156474824847,1.0,15.0,17979.0,0.0,0.0,1.0,898.0,1683.0,1198.6,1187.0,244.19959049924714,0.09360921074587018,0.09360921074587018,0.0,0.0,34.76834845542908,True,True
full,tfidf_var_min_df_20,Variation: min_df_20,static_tfidf_svd,sklearn_pipeline,spectral,30,,0,10,discretize,0,0,,euclidean,,17979,nearest_neighbors,1.0,0.04652631823272358,3.1266352983070047,0.18924534339718954,0.012596415591967126,1.0,30.0,17979.0,0.0,0.0,1.0,36.0,3999.0,599.3,383.0,780.1765676221419,0.22242616385783415,0.22242616385783415,0.0,0.0,255.0266616344452,True,True
full,tfidf_var_min_df_20,Variation: min_df_20,static_tfidf_svd,sklearn_pipeline,spectral,30,,0,30,kmeans,0,0,,euclidean,,17979,nearest_neighbors,1.0,0.04448306093442863,2.7069963773905084,0.09038616994669162,0.0252258425057393,1.0,30.0,17979.0,0.0,0.0,1.0,30.0,7322.0,599.3,346.5,1304.1774968666396,0.40725290616830745,0.40725290616830745,0.0,0.0,345.5727162361145,True,True
full,tfidf_var_min_df_20,Variation: min_df_20,static_tfidf_svd,sklearn_pipeline,spectral,15,,0,0,kmeans,0,0,,euclidean,,17979,rbf,1.0,0.04417673336728442,3.9942425454253168,0.19558736645070057,0.027367536431765514,1.0,15.0,17979.0,0.0,0.0,1.0,508.0,2420.0,1198.6,950.0,639.684693162707,0.1346014795038656,0.1346014795038656,0.0,0.0,38.0219783782959,True,True
full,tfidf_var_min_df_20,Variation: min_df_20,static_tfidf_svd,sklearn_pipeline,spectral,20,,0,30,discretize,0,0,,euclidean,,17979,nearest_neighbors,1.0,0.04287482361372617,3.18451522919721,0.16316987438671202,0.06152491212360423,1.0,20.0,17979.0,0.0,0.0,1.0,37.0,5636.0,898.95,548.5,1244.9400176313718,0.31347683408420934,0.31347683408420934,0.0,0.0,337.8701479434967,True,True
full,tfidf_var_min_df_20,Variation: min_df_20,static_tfidf_svd,sklearn_pipeline,spectral,25,,0,10,discretize,0,0,,euclidean,,17979,nearest_neighbors,1.0,0.04243202667021835,3.1703322904053772,0.1886067850093623,0.04674414384662273,1.0,25.0,17979.0,0.0,0.0,1.0,36.0,4691.0,719.16,428.0,978.9837048694937,0.2609155125424106,0.2609155125424106,0.0,0.0,249.79893040657043,True,True
full,tfidf_var_min_df_20,Variation: min_df_20,static_tfidf_svd,sklearn_pipeline,spectral,10,,0,0,discretize,0,0,,euclidean,,17979,rbf,1.0,0.04242513600079445,4.362418321862195,0.23177906758597688,0.04970539206408847,1.0,10.0,17979.0,0.0,0.0,1.0,869.0,2571.0,1797.9,1721.0,465.2456233002091,0.14300016686133823,0.14300016686133823,0.0,0.0,32.37296915054321,True,True
full,tfidf_var_min_df_20,Variation: min_df_20,static_tfidf_svd,sklearn_pipeline,spectral,10,,0,0,kmeans,0,0,,euclidean,,17979,rbf,1.0,0.04123830834717476,4.426013276882128,0.1750110954090625,0.03836311023480287,1.0,10.0,17979.0,0.0,0.0,1.0,627.0,3551.0,1797.9,1545.5,847.6805353433568,0.19750820401579622,0.19750820401579622,0.0,0.0,34.632752895355225,True,True
full,tfidf_var_min_df_20,Variation: min_df_20,static_tfidf_svd,sklearn_pipeline,spectral,15,,0,30,discretize,0,0,,euclidean,,17979,nearest_neighbors,1.0,0.04100679724671896,3.2154022002214324,0.17429189594614897,0.12154341202228096,1.0,15.0,17979.0,0.0,0.0,1.0,37.0,5421.0,1198.6,500.0,1529.615803614315,0.30151843817787416,0.30151843817787416,0.0,0.0,332.15550661087036,True,True
full,tfidf_var_min_df_20,Variation: min_df_20,static_tfidf_svd,sklearn_pipeline,spectral,10,,0,0,kmeans,0,0,,euclidean,,17979,rbf,0.1,0.040670819745030784,4.591131663869939,0.2067608387138333,0.020744566569106296,1.0,10.0,17979.0,0.0,0.0,1.0,871.0,2685.0,1797.9,1775.0,543.6413247721332,0.14934089771399967,0.14934089771399967,0.0,0.0,33.683833599090576,True,True
full,tfidf_var_min_df_20,Variation: min_df_20,static_tfidf_svd,sklearn_pipeline,spectral,25,,0,30,kmeans,0,0,,euclidean,,17979,nearest_neighbors,1.0,0.040667060807771514,2.786825620335594,0.08748741375566288,0.05295612670834889,1.0,25.0,17979.0,0.0,0.0,1.0,30.0,7610.0,719.16,374.0,1472.4026264578586,0.423271594638189,0.423271594638189,0.0,0.0,343.0987527370453,True,True
full,tfidf_var_min_df_20,Variation: min_df_20,static_tfidf_svd,sklearn_pipeline,spectral,15,,0,20,discretize,0,0,,euclidean,,17979,nearest_neighbors,1.0,0.04063776479100086,3.2122100897026713,0.17171478071828117,0.027832785137446987,1.0,15.0,17979.0,0.0,0.0,1.0,37.0,5560.0,1198.6,506.0,1547.356015918767,0.30924968018243504,0.30924968018243504,0.0,0.0,314.1130805015564,True,True
full,tfidf_var_min_df_20,Variation: min_df_20,static_tfidf_svd,sklearn_pipeline,spectral,10,,0,0,discretize,0,0,,euclidean,,17979,rbf,0.1,0.040104451532636164,4.420033939433057,0.24101080911556516,0.07178756003541292,1.0,10.0,17979.0,0.0,0.0,1.0,1406.0,2065.0,1797.9,1776.5,193.4184324204909,0.1148562211468936,0.1148562211468936,0.0,0.0,31.671989679336548,True,True
full,tfidf_var_min_df_20,Variation: min_df_20,static_tfidf_svd,sklearn_pipeline,spectral,30,,0,20,kmeans,0,0,,euclidean,,17979,nearest_neighbors,1.0,0.039740073881778006,2.6917813058013405,0.09051738277092311,1.5506643946631776e-08,1.0,30.0,17979.0,0.0,0.0,1.0,21.0,7417.0,599.3,280.0,1323.4323846221487,0.41253684854552536,0.41253684854552536,0.0,0.0,325.15046310424805,True,True
full,tfidf_var_min_df_20,Variation: min_df_20,static_tfidf_svd,sklearn_pipeline,spectral,15,,0,30,kmeans,0,0,,euclidean,,17979,nearest_neighbors,1.0,0.03752633627183557,2.839397485277509,0.1058693340663783,0.07914783289831072,1.0,15.0,17979.0,0.0,0.0,1.0,30.0,8152.0,1198.6,376.0,2033.7236390424337,0.4534178764113688,0.4534178764113688,0.0,0.0,333.8457624912262,True,True
full,tfidf_var_min_df_20,Variation: min_df_20,static_tfidf_svd,sklearn_pipeline,spectral,15,,0,20,kmeans,0,0,,euclidean,,17979,nearest_neighbors,1.0,0.037299639493294276,2.8371749374470117,0.10715852159841338,0.027832785137446987,1.0,15.0,17979.0,0.0,0.0,1.0,29.0,8141.0,1198.6,385.0,2031.6432363975719,0.45280605150453307,0.45280605150453307,0.0,0.0,315.8068051338196,True,True
full,tfidf_var_min_df_20,Variation: min_df_20,static_tfidf_svd,sklearn_pipeline,spectral,20,,0,10,discretize,0,0,,euclidean,,17979,nearest_neighbors,1.0,0.03725336959095417,3.1383181653328753,0.17842109653658225,0.05350436773987256,1.0,20.0,17979.0,0.0,0.0,1.0,36.0,5275.0,898.95,350.0,1282.8597146609602,0.2933978530507815,0.2933978530507815,0.0,0.0,246.83856344223022,True,True
full,tfidf_var_min_df_20,Variation: min_df_20,static_tfidf_svd,sklearn_pipeline,spectral,20,,0,30,kmeans,0,0,,euclidean,,17979,nearest_neighbors,1.0,0.036038736637885524,2.786044819032307,0.08843058322615566,0.07914783289831072,1.0,20.0,17979.0,0.0,0.0,1.0,30.0,8333.0,898.95,360.0,1788.180401273876,0.46348517715112075,0.46348517715112075,0.0,0.0,340.6513843536377,True,True
full,tfidf_var_min_df_20,Variation: min_df_20,static_tfidf_svd,sklearn_pipeline,spectral,25,,0,20,kmeans,0,0,,euclidean,,17979,nearest_neighbors,1.0,0.03576636347003058,2.7625601889110025,0.10276168839330857,0.07947598061451773,1.0,25.0,17979.0,0.0,0.0,1.0,21.0,7059.0,719.16,352.0,1385.2634602847215,0.3926247288503254,0.3926247288503254,0.0,0.0,325.45707845687866,True,True
full,tfidf_var_min_df_20,Variation: min_df_20,static_tfidf_svd,sklearn_pipeline,spectral,15,,0,10,discretize,0,0,,euclidean,,17979,nearest_neighbors,1.0,0.03547194955805003,3.2779829885829823,0.16856116433794396,0.07945694358760866,1.0,15.0,17979.0,0.0,0.0,1.0,36.0,5593.0,1198.6,434.0,1569.398814833247,0.3110851549029423,0.3110851549029423,0.0,0.0,240.87192916870117,True,True
full,tfidf_var_min_df_20,Variation: min_df_20,static_tfidf_svd,sklearn_pipeline,spectral,20,,0,20,kmeans,0,0,,euclidean,,17979,nearest_neighbors,1.0,0.03527914205042052,2.778906275457195,0.08967654706080529,0.037310001222540044,1.0,20.0,17979.0,0.0,0.0,1.0,29.0,8317.0,898.95,363.5,1787.9057154950872,0.4625952500139051,0.4625952500139051,0.0,0.0,320.8835217952728,True,True
full,tfidf_var_min_df_20,Variation: min_df_20,static_tfidf_svd,sklearn_pipeline,spectral,30,,0,10,kmeans,0,0,,euclidean,,17979,nearest_neighbors,1.0,0.02787054719309889,2.661382274822424,0.11016627393056465,0.09184320940689263,1.0,30.0,17979.0,0.0,0.0,1.0,13.0,6525.0,599.3,207.0,1208.2500886267985,0.3629234106457534,0.3629234106457534,0.0,0.0,256.8297264575958,True,True
full,tfidf_var_min_df_20,Variation: min_df_20,static_tfidf_svd,sklearn_pipeline,spectral,15,,0,10,kmeans,0,0,,euclidean,,17979,nearest_neighbors,1.0,0.02735285756863544,2.839993293377461,0.10699456485033923,0.08980038058488025,1.0,15.0,17979.0,0.0,0.0,1.0,20.0,8048.0,1198.6,339.0,2027.8016273787725,0.44763335001946714,0.44763335001946714,0.0,0.0,248.01150751113892,True,True
full,tfidf_var_min_df_20,Variation: min_df_20,static_tfidf_svd,sklearn_pipeline,spectral,25,,0,10,kmeans,0,0,,euclidean,,17979,nearest_neighbors,1.0,0.026165239323447054,2.64313414345808,0.09810854549302025,0.08980038058488025,1.0,25.0,17979.0,0.0,0.0,1.0,13.0,7890.0,719.16,183.0,1544.9601853769566,0.4388453195394627,0.4388453195394627,0.0,0.0,253.54602003097534,True,True
full,tfidf_var_min_df_20,Variation: min_df_20,static_tfidf_svd,sklearn_pipeline,spectral,10,,0,10,discretize,0,0,,euclidean,,17979,nearest_neighbors,1.0,0.021663232158114717,2.976768410691506,0.08653756913882799,0.05828829549237856,1.0,10.0,17979.0,0.0,0.0,1.0,36.0,8649.0,1797.9,188.0,3000.098746708182,0.48106123811112966,0.48106123811112966,0.0,0.0,236.27362060546875,True,True
full,tfidf_var_min_df_20,Variation: min_df_20,static_tfidf_svd,sklearn_pipeline,spectral,10,,0,30,kmeans,0,0,,euclidean,,17979,nearest_neighbors,1.0,0.02148665974297627,2.6795060894154963,0.07908795196334067,0.05410960428293003,1.0,10.0,17979.0,0.0,0.0,1.0,30.0,8939.0,1797.9,149.0,3097.3686719536636,0.4971911674731631,0.4971911674731631,0.0,0.0,333.3694214820862,True,True
full,tfidf_var_min_df_20,Variation: min_df_20,static_tfidf_svd,sklearn_pipeline,spectral,10,,0,20,kmeans,0,0,,euclidean,,17979,nearest_neighbors,1.0,0.021456731299590547,2.6738765696836118,0.07938042247169062,0.09260284414756605,1.0,10.0,17979.0,0.0,0.0,1.0,29.0,8978.0,1797.9,146.5,3101.640161269518,0.49936036487012625,0.49936036487012625,0.0,0.0,311.43254828453064,True,True
full,tfidf_var_min_df_20,Variation: min_df_20,static_tfidf_svd,sklearn_pipeline,spectral,20,,0,10,kmeans,0,0,,euclidean,,17979,nearest_neighbors,1.0,0.021157039845063303,2.64380966947903,0.09842208627699069,0.08980038058488025,1.0,20.0,17979.0,0.0,0.0,1.0,13.0,8183.0,898.95,261.0,1799.6664822960947,0.4551421102397241,0.4551421102397241,0.0,0.0,249.71486902236938,True,True
full,tfidf_var_min_df_20,Variation: min_df_20,static_tfidf_svd,sklearn_pipeline,spectral,10,,0,30,discretize,0,0,,euclidean,,17979,nearest_neighbors,1.0,0.020867515723219255,2.98282029839622,0.08832286218714884,0.0,1.0,10.0,17979.0,0.0,0.0,1.0,39.0,8396.0,1797.9,204.0,2978.7877886818324,0.4669892652539073,0.4669892652539073,0.0,0.0,328.9618196487427,True,True
full,tfidf_var_min_df_20,Variation: min_df_20,static_tfidf_svd,sklearn_pipeline,spectral,10,,0,20,discretize,0,0,,euclidean,,17979,nearest_neighbors,1.0,0.02085411347768579,2.9449412112483078,0.08772850580757212,0.09260284414756605,1.0,10.0,17979.0,0.0,0.0,1.0,37.0,8454.0,1797.9,202.0,2987.8491076357927,0.470215251126314,0.470215251126314,0.0,0.0,306.34132051467896,True,True
full,tfidf_var_min_df_20,Variation: min_df_20,static_tfidf_svd,sklearn_pipeline,spectral,10,,0,10,kmeans,0,0,,euclidean,,17979,nearest_neighbors,1.0,0.02060710301748251,2.66091340531045,0.07770429093234872,2.358898969670953e-08,1.0,10.0,17979.0,0.0,0.0,1.0,29.0,9197.0,1797.9,134.0,3126.830902047631,0.5115412425607654,0.5115412425607654,0.0,0.0,238.46864318847656,True,True
full,tfidf_var_min_df_20,Variation: min_df_20,static_tfidf_svd,sklearn_pipeline,spectral,15,,0,0,kmeans,0,0,,euclidean,,17979,rbf,10.0,-0.04010640119003461,2.006532894435829,0.06324133416706111,0.2897547216858763,1.0,15.0,17979.0,0.0,0.0,1.0,2.0,10664.0,1198.6,20.0,2904.651552252008,0.5931364369542244,0.5931364369542244,5.0,0.0008899271372156404,101.83533239364624,True,True
full,tfidf_var_n_components_200,Variation: n_components_200,static_tfidf_svd,sklearn_pipeline,spectral,30,,0,0,discretize,0,0,,euclidean,,17980,rbf,1.0,0.04133111323180092,4.317324876351647,0.2272270892603528,0.0796068065860393,1.0,30.0,17980.0,0.0,0.0,1.0,82.0,1058.0,599.3333333333334,588.0,179.25890648878664,0.058843159065628474,0.058843159065628474,0.0,0.0,37.37714219093323,True,True
full,tfidf_var_n_components_200,Variation: n_components_200,static_tfidf_svd,sklearn_pipeline,spectral,25,,0,0,discretize,0,0,,euclidean,,17980,rbf,1.0,0.037331205757580956,4.402784367233737,0.2502997542167742,0.07072537660128986,1.0,25.0,17980.0,0.0,0.0,1.0,85.0,1302.0,719.2,702.0,249.82105595805973,0.07241379310344828,0.07241379310344828,0.0,0.0,36.163658142089844,True,True
full,tfidf_var_n_components_200,Variation: n_components_200,static_tfidf_svd,sklearn_pipeline,spectral,30,,0,0,kmeans,0,0,,euclidean,,17980,rbf,1.0,0.037283724388646,4.305120055008991,0.15581099461285505,0.03335971937948984,1.0,30.0,17980.0,0.0,0.0,1.0,74.0,2211.0,599.3333333333334,489.5,410.77806930533933,0.12296996662958844,0.12296996662958844,0.0,0.0,41.86877632141113,True,True
full,tfidf_var_n_components_200,Variation: n_components_200,static_tfidf_svd,sklearn_pipeline,spectral,30,,0,0,kmeans,0,0,,euclidean,,17980,rbf,0.1,0.03691276763846141,4.471514706930003,0.17640831299373125,0.04617854040616613,1.0,30.0,17980.0,0.0,0.0,1.0,242.0,2098.0,599.3333333333334,523.5,314.89959599141366,0.11668520578420467,0.11668520578420467,0.0,0.0,40.268582582473755,True,True
full,tfidf_var_n_components_200,Variation: n_components_200,static_tfidf_svd,sklearn_pipeline,spectral,25,,0,0,kmeans,0,0,,euclidean,,17980,rbf,1.0,0.036427275023916045,4.402102481194769,0.1552723526303385,0.0789744256808912,1.0,25.0,17980.0,0.0,0.0,1.0,74.0,3139.0,719.2,534.0,605.1029664445548,0.1745828698553949,0.1745828698553949,0.0,0.0,41.08455848693848,True,True
full,tfidf_var_n_components_200,Variation: n_components_200,static_tfidf_svd,sklearn_pipeline,spectral,30,,0,0,discretize,0,0,,euclidean,,17980,rbf,0.1,0.035475417687445054,4.336958576104418,0.2339031444256878,0.04694429472953999,1.0,30.0,17980.0,0.0,0.0,1.0,316.0,830.0,599.3333333333334,585.5,118.67865108022681,0.046162402669632924,0.046162402669632924,0.0,0.0,38.8201687335968,True,True
full,tfidf_var_n_components_200,Variation: n_components_200,static_tfidf_svd,sklearn_pipeline,spectral,20,,0,0,discretize,0,0,,euclidean,,17980,rbf,1.0,0.03500907925056758,4.833657755556096,0.24191389876197497,0.0439856212805778,1.0,20.0,17980.0,0.0,0.0,1.0,88.0,1548.0,899.0,937.0,355.5927445829006,0.08609566184649611,0.08609566184649611,0.0,0.0,40.05296277999878,True,True
full,tfidf_var_n_components_200,Variation: n_components_200,static_tfidf_svd,sklearn_pipeline,spectral,25,,0,0,discretize,0,0,,euclidean,,17980,rbf,0.1,0.03443057255923151,4.722155587330936,0.23672784333579913,0.03156972976868471,1.0,25.0,17980.0,0.0,0.0,1.0,417.0,1063.0,719.2,691.0,138.2528119063045,0.05912124582869856,0.05912124582869856,0.0,0.0,36.32483124732971,True,True
full,tfidf_var_n_components_200,Variation: n_components_200,static_tfidf_svd,sklearn_pipeline,spectral,30,,0,30,discretize,0,0,,euclidean,,17980,nearest_neighbors,1.0,0.0334262620289927,3.8863040600027237,0.23278449279358718,0.030238253265176176,1.0,30.0,17980.0,0.0,0.0,1.0,38.0,3718.0,599.3333333333334,392.0,724.522340733688,0.2067853170189099,0.2067853170189099,0.0,0.0,457.4207148551941,True,True
full,tfidf_var_n_components_200,Variation: n_components_200,static_tfidf_svd,sklearn_pipeline,spectral,25,,0,0,kmeans,0,0,,euclidean,,17980,rbf,0.1,0.033374620127817924,4.76315769208382,0.19588912444565212,0.0790482081169477,1.0,25.0,17980.0,0.0,0.0,1.0,439.0,2056.0,719.2,652.0,334.7520873721328,0.11434927697441602,0.11434927697441602,0.0,0.0,39.151334047317505,True,True
full,tfidf_var_n_components_200,Variation: n_components_200,static_tfidf_svd,sklearn_pipeline,spectral,20,,0,0,kmeans,0,0,,euclidean,,17980,rbf,1.0,0.032898386702748986,4.584862062443927,0.17509624223755368,0.0790482081169477,1.0,20.0,17980.0,0.0,0.0,1.0,74.0,2868.0,899.0,679.0,680.211511222796,0.15951056729699667,0.15951056729699667,0.0,0.0,36.43192934989929,True,True
full,tfidf_var_n_components_200,Variation: n_components_200,static_tfidf_svd,sklearn_pipeline,spectral,20,,0,0,kmeans,0,0,,euclidean,,17980,rbf,0.1,0.03193204370833548,5.022305838087846,0.20444545708763975,0.01917977929143794,1.0,20.0,17980.0,0.0,0.0,1.0,507.0,2537.0,899.0,812.5,435.45757543071863,0.1411012235817575,0.1411012235817575,0.0,0.0,37.22054052352905,True,True
full,tfidf_var_n_components_200,Variation: n_components_200,static_tfidf_svd,sklearn_pipeline,spectral,20,,0,0,discretize,0,0,,euclidean,,17980,rbf,0.1,0.0319217867465781,5.057241077533839,0.24475304540662443,0.030223800192764914,1.0,20.0,17980.0,0.0,0.0,1.0,719.0,1342.0,899.0,843.0,152.02006446518828,0.0746384872080089,0.0746384872080089,0.0,0.0,35.39288258552551,True,True
full,tfidf_var_n_components_200,Variation: n_components_200,static_tfidf_svd,sklearn_pipeline,spectral,15,,0,0,discretize,0,0,,euclidean,,17980,rbf,1.0,0.03187310541240094,5.099674456696406,0.23898939732040195,0.09051699370425752,1.0,15.0,17980.0,0.0,0.0,1.0,89.0,1757.0,1198.6666666666667,1450.0,523.1327003946725,0.09771968854282537,0.09771968854282537,0.0,0.0,33.05733394622803,True,True
full,tfidf_var_n_components_200,Variation: n_components_200,static_tfidf_svd,sklearn_pipeline,spectral,25,,0,30,discretize,0,0,,euclidean,,17980,nearest_neighbors,1.0,0.031149742472972166,4.00814460099114,0.23075591058430533,1.3168148532574492e-08,1.0,25.0,17980.0,0.0,0.0,1.0,36.0,3297.0,719.2,463.0,860.0429756704023,0.18337041156840933,0.18337041156840933,0.0,0.0,454.32717752456665,True,True
full,tfidf_var_n_components_200,Variation: n_components_200,static_tfidf_svd,sklearn_pipeline,spectral,30,,0,20,discretize,0,0,,euclidean,,17980,nearest_neighbors,1.0,0.029363835423100466,3.912696920242764,0.20911153853546613,0.13443395185151405,1.0,30.0,17980.0,0.0,0.0,1.0,34.0,3807.0,599.3333333333334,371.5,810.5073034148976,0.2117352614015573,0.2117352614015573,0.0,0.0,396.35084557533264,True,True
full,tfidf_var_n_components_200,Variation: n_components_200,static_tfidf_svd,sklearn_pipeline,spectral,15,,0,0,kmeans,0,0,,euclidean,,17980,rbf,1.0,0.028927110055400697,4.9857571309616935,0.16499398216383657,0.03109543959375652,1.0,15.0,17980.0,0.0,0.0,1.0,74.0,3463.0,1198.6666666666667,1217.0,844.0434954563788,0.19260289210233592,0.19260289210233592,0.0,0.0,35.81981873512268,True,True
full,tfidf_var_n_components_200,Variation: n_components_200,static_tfidf_svd,sklearn_pipeline,spectral,15,,0,0,discretize,0,0,,euclidean,,17980,rbf,0.1,0.028517165893253125,5.332117884467809,0.24123059374616979,0.07875215593850096,1.0,15.0,17980.0,0.0,0.0,1.0,800.0,1604.0,1198.6666666666667,1146.0,237.14149550192369,0.08921023359288098,0.08921023359288098,0.0,0.0,32.489840030670166,True,True
full,tfidf_var_n_components_200,Variation: n_components_200,static_tfidf_svd,sklearn_pipeline,spectral,25,,0,20,discretize,0,0,,euclidean,,17980,nearest_neighbors,1.0,0.02798072719192619,3.982918529628929,0.22921610002562545,0.0,1.0,25.0,17980.0,0.0,0.0,1.0,34.0,3303.0,719.2,416.0,901.306828998871,0.18370411568409345,0.18370411568409345,0.0,0.0,401.69016194343567,True,True
full,tfidf_var_n_components_200,Variation: n_components_200,static_tfidf_svd,sklearn_pipeline,spectral,15,,0,0,kmeans,0,0,,euclidean,,17980,rbf,0.1,0.027715183707357614,5.359258733274884,0.1971858146721443,0.058932250067870735,1.0,15.0,17980.0,0.0,0.0,1.0,544.0,2591.0,1198.6666666666667,1156.0,461.2825116515426,0.14410456062291435,0.14410456062291435,0.0,0.0,34.62175536155701,True,True
full,tfidf_var_n_components_200,Variation: n_components_200,static_tfidf_svd,sklearn_pipeline,spectral,15,,0,30,discretize,0,0,,euclidean,,17980,nearest_neighbors,1.0,0.027508217148965654,4.219172845868948,0.1966855575565724,0.08765605690053646,1.0,15.0,17980.0,0.0,0.0,1.0,38.0,5080.0,1198.6666666666667,834.0,1369.928351735553,0.2825361512791991,0.2825361512791991,0.0,0.0,447.15641736984253,True,True
full,tfidf_var_n_components_200,Variation: n_components_200,static_tfidf_svd,sklearn_pipeline,spectral,20,,0,30,discretize,0,0,,euclidean,,17980,nearest_neighbors,1.0,0.026742919805054246,4.069036362600177,0.18814952160611811,0.011840031744671313,1.0,20.0,17980.0,0.0,0.0,1.0,38.0,4849.0,899.0,466.0,1179.7177204738427,0.26968854282536153,0.26968854282536153,0.0,0.0,452.7769708633423,True,True
full,tfidf_var_n_components_200,Variation: n_components_200,static_tfidf_svd,sklearn_pipeline,spectral,10,,0,0,kmeans,0,0,,euclidean,,17980,rbf,1.0,0.025077328930187343,5.209684304604057,0.1367733428510819,0.06177721669300728,1.0,10.0,17980.0,0.0,0.0,1.0,74.0,5556.0,1798.0,1270.5,1485.4218256104896,0.30901001112347054,0.30901001112347054,0.0,0.0,32.54795050621033,True,True
full,tfidf_var_n_components_200,Variation: n_components_200,static_tfidf_svd,sklearn_pipeline,spectral,10,,0,0,discretize,0,0,,euclidean,,17980,rbf,1.0,0.024938553250568356,5.6026096615258085,0.22894309893498652,0.061756208714286144,1.0,10.0,17980.0,0.0,0.0,1.0,274.0,2870.0,1798.0,1833.0,708.6258533245876,0.1596218020022247,0.1596218020022247,0.0,0.0,30.591906547546387,True,True
full,tfidf_var_n_components_200,Variation: n_components_200,static_tfidf_svd,sklearn_pipeline,spectral,10,,0,0,discretize,0,0,,euclidean,,17980,rbf,0.1,0.0234036516064749,5.7743621555214855,0.23253266632101513,0.043429872134556395,1.0,10.0,17980.0,0.0,0.0,1.0,1125.0,2047.0,1798.0,1925.5,273.868216483768,0.11384872080088988,0.11384872080088988,0.0,0.0,28.8142671585083,True,True
full,tfidf_var_n_components_200,Variation: n_components_200,static_tfidf_svd,sklearn_pipeline,spectral,30,,0,30,kmeans,0,0,,euclidean,,17980,nearest_neighbors,1.0,0.023197936841938594,3.1902959468084804,0.08447709958143591,0.05559023902346611,1.0,30.0,17980.0,0.0,0.0,1.0,29.0,8009.0,599.3333333333334,193.5,1437.1430068793509,0.44543937708565073,0.44543937708565073,0.0,0.0,461.1212537288666,True,True
full,tfidf_var_n_components_200,Variation: n_components_200,static_tfidf_svd,sklearn_pipeline,spectral,10,,0,0,kmeans,0,0,,euclidean,,17980,rbf,0.1,0.023111415841210174,5.908549781314776,0.1673190098641703,0.03109543959375652,1.0,10.0,17980.0,0.0,0.0,1.0,603.0,4043.0,1798.0,1667.5,867.5663663374693,0.22486095661846497,0.22486095661846497,0.0,0.0,30.912496328353882,True,True
full,tfidf_var_n_components_200,Variation: n_components_200,static_tfidf_svd,sklearn_pipeline,spectral,20,,0,30,kmeans,0,0,,euclidean,,17980,nearest_neighbors,1.0,0.021414710995484715,3.495265457133397,0.09146319545320844,0.13742289284754222,1.0,20.0,17980.0,0.0,0.0,1.0,30.0,8112.0,899.0,258.5,1766.5449895205047,0.4511679644048943,0.4511679644048943,0.0,0.0,455.02473759651184,True,True
full,tfidf_var_n_components_200,Variation: n_components_200,static_tfidf_svd,sklearn_pipeline,spectral,25,,0,30,kmeans,0,0,,euclidean,,17980,nearest_neighbors,1.0,0.02074877149616508,3.2331960334072236,0.08461765206639342,0.025927619394885006,1.0,25.0,17980.0,0.0,0.0,1.0,29.0,8382.0,719.2,303.0,1650.8151925639647,0.4661846496106785,0.4661846496106785,0.0,0.0,456.64038372039795,True,True
full,tfidf_var_n_components_200,Variation: n_components_200,static_tfidf_svd,sklearn_pipeline,spectral,20,,0,20,discretize,0,0,,euclidean,,17980,nearest_neighbors,1.0,0.020613333227747725,3.9378179256560464,0.19680847717571412,0.0,1.0,20.0,17980.0,0.0,0.0,1.0,34.0,5192.0,899.0,254.5,1262.1787115935683,0.28876529477196883,0.28876529477196883,0.0,0.0,384.6078975200653,True,True
full,tfidf_var_n_components_200,Variation: n_components_200,static_tfidf_svd,sklearn_pipeline,spectral,15,,0,30,kmeans,0,0,,euclidean,,17980,nearest_neighbors,1.0,0.020294967560054455,3.5534890206074823,0.07201642392826581,0.13742289284754222,1.0,15.0,17980.0,0.0,0.0,1.0,30.0,9889.0,1198.6666666666667,338.0,2402.3758148040774,0.55,0.55,0.0,0.0,455.0461890697479,True,True
full,tfidf_var_n_components_200,Variation: n_components_200,static_tfidf_svd,sklearn_pipeline,spectral,15,,0,20,discretize,0,0,,euclidean,,17980,nearest_neighbors,1.0,0.020090076384666207,4.054321881261596,0.1621275071420676,0.13443395185151405,1.0,15.0,17980.0,0.0,0.0,1.0,38.0,6120.0,1198.6666666666667,280.0,1648.977043166123,0.3403781979977753,0.3403781979977753,0.0,0.0,385.2315137386322,True,True
full,tfidf_var_n_components_200,Variation: n_components_200,static_tfidf_svd,sklearn_pipeline,spectral,30,,0,10,discretize,0,0,,euclidean,,17980,nearest_neighbors,1.0,0.019183156863004706,3.7153072374240352,0.20118744626249294,0.029973511965258295,1.0,30.0,17980.0,0.0,0.0,1.0,14.0,4389.0,599.3333333333334,110.5,957.8493038515447,0.24410456062291436,0.24410456062291436,0.0,0.0,299.53312373161316,True,True
full,tfidf_var_n_components_200,Variation: n_components_200,static_tfidf_svd,sklearn_pipeline,spectral,30,,0,20,kmeans,0,0,,euclidean,,17980,nearest_neighbors,1.0,0.01904517941795719,3.1221509185886123,0.08735228221592972,0.029973511965258295,1.0,30.0,17980.0,0.0,0.0,1.0,25.0,8205.0,599.3333333333334,143.0,1488.7814331041195,0.4563403781979978,0.4563403781979978,0.0,0.0,398.3837835788727,True,True
full,tfidf_var_n_components_200,Variation: n_components_200,static_tfidf_svd,sklearn_pipeline,spectral,25,,0,20,kmeans,0,0,,euclidean,,17980,nearest_neighbors,1.0,0.016784622954831394,3.1914419863016157,0.09982506679038378,0.10875630425255416,1.0,25.0,17980.0,0.0,0.0,1.0,25.0,8040.0,719.2,128.0,1602.3847727683885,0.4471635150166852,0.4471635150166852,0.0,0.0,393.23732566833496,True,True
full,tfidf_var_n_components_200,Variation: n_components_200,static_tfidf_svd,sklearn_pipeline,spectral,15,,0,20,kmeans,0,0,,euclidean,,17980,nearest_neighbors,1.0,0.014936677123897497,3.3426741454677025,0.09754729193402323,0.10322434955096188,1.0,15.0,17980.0,0.0,0.0,1.0,25.0,8875.0,1198.6666666666667,177.0,2218.518264267592,0.49360400444938823,0.49360400444938823,0.0,0.0,396.5144581794739,True,True
full,tfidf_var_n_components_200,Variation: n_components_200,static_tfidf_svd,sklearn_pipeline,spectral,25,,0,10,discretize,0,0,,euclidean,,17980,nearest_neighbors,1.0,0.014500329268368412,3.652825087480835,0.18220317070431807,0.0981140491859239,1.0,25.0,17980.0,0.0,0.0,1.0,14.0,5652.0,719.2,80.0,1234.5048562075403,0.314349276974416,0.314349276974416,0.0,0.0,288.4975447654724,True,True
full,tfidf_var_n_components_200,Variation: n_components_200,static_tfidf_svd,sklearn_pipeline,spectral,10,,0,30,discretize,0,0,,euclidean,,17980,nearest_neighbors,1.0,0.01425952307915104,3.676770836595258,0.0888407374795304,0.11739960541310152,1.0,10.0,17980.0,0.0,0.0,1.0,40.0,8746.0,1798.0,194.5,3008.9194073620515,0.4864293659621802,0.4864293659621802,0.0,0.0,441.1228504180908,True,True
full,tfidf_var_n_components_200,Variation: n_components_200,static_tfidf_svd,sklearn_pipeline,spectral,10,,0,20,discretize,0,0,,euclidean,,17980,nearest_neighbors,1.0,0.013875531972639759,3.6086114196373993,0.08909814143723466,0.0,1.0,10.0,17980.0,0.0,0.0,1.0,38.0,8785.0,1798.0,187.0,3019.8032055085973,0.48859844271412683,0.48859844271412683,0.0,0.0,379.5562937259674,True,True
full,tfidf_var_n_components_200,Variation: n_components_200,static_tfidf_svd,sklearn_pipeline,spectral,10,,0,20,kmeans,0,0,,euclidean,,17980,nearest_neighbors,1.0,0.013715345294415817,3.245469061057233,0.07888420036346239,0.18713738360148666,1.0,10.0,17980.0,0.0,0.0,1.0,27.0,9408.0,1798.0,130.5,3155.315166508728,0.5232480533926586,0.5232480533926586,0.0,0.0,381.4772849082947,True,True
full,tfidf_var_n_components_200,Variation: n_components_200,static_tfidf_svd,sklearn_pipeline,spectral,10,,0,30,kmeans,0,0,,euclidean,,17980,nearest_neighbors,1.0,0.013707336452789601,3.2715283412836067,0.07855948012538416,0.15584672257355967,1.0,10.0,17980.0,0.0,0.0,1.0,30.0,9394.0,1798.0,131.5,3152.3508687961753,0.5224694104560623,0.5224694104560623,0.0,0.0,439.9313290119171,True,True
full,tfidf_var_n_components_200,Variation: n_components_200,static_tfidf_svd,sklearn_pipeline,spectral,20,,0,20,kmeans,0,0,,euclidean,,17980,nearest_neighbors,1.0,0.0118041806180265,3.16806398063207,0.07281302409536572,0.10875630425255416,1.0,20.0,17980.0,0.0,0.0,1.0,25.0,9785.0,899.0,129.0,2116.5329432824806,0.5442157953281423,0.5442157953281423,0.0,0.0,392.31016421318054,True,True
full,tfidf_var_n_components_200,Variation: n_components_200,static_tfidf_svd,sklearn_pipeline,spectral,20,,0,10,discretize,0,0,,euclidean,,17980,nearest_neighbors,1.0,0.00849325992058403,3.4674095180051836,0.12697008859690334,0.18754017110458074,1.0,20.0,17980.0,0.0,0.0,1.0,14.0,7680.0,899.0,64.0,1802.1267713454567,0.4271412680756396,0.4271412680756396,0.0,0.0,286.9810745716095,True,True
full,tfidf_var_n_components_200,Variation: n_components_200,static_tfidf_svd,sklearn_pipeline,spectral,30,,0,10,kmeans,0,0,,euclidean,,17980,nearest_neighbors,1.0,0.008338479300037272,2.887171813883574,0.09360257830630096,0.11133709435887035,1.0,30.0,17980.0,0.0,0.0,1.0,13.0,8296.0,599.3333333333334,82.0,1528.9460494805637,0.4614015572858732,0.4614015572858732,0.0,0.0,315.93349170684814,True,True
full,tfidf_var_n_components_200,Variation: n_components_200,static_tfidf_svd,sklearn_pipeline,spectral,10,,0,10,discretize,0,0,,euclidean,,17980,nearest_neighbors,1.0,0.007310602039616436,3.5038377027366017,0.07679017603575365,0.1409221716149792,1.0,10.0,17980.0,0.0,0.0,1.0,14.0,8513.0,1798.0,73.0,3152.537041812515,0.4734705228031146,0.4734705228031146,0.0,0.0,300.432457447052,True,True
full,tfidf_var_n_components_200,Variation: n_components_200,static_tfidf_svd,sklearn_pipeline,spectral,25,,0,10,kmeans,0,0,,euclidean,,17980,nearest_neighbors,1.0,0.0037888823683537823,2.8631312052441285,0.0741459401546698,0.11133709435887035,1.0,25.0,17980.0,0.0,0.0,1.0,13.0,9685.0,719.2,67.0,1908.0602296573345,0.5386540600667408,0.5386540600667408,0.0,0.0,294.8337781429291,True,True
full,tfidf_var_n_components_200,Variation: n_components_200,static_tfidf_svd,sklearn_pipeline,spectral,15,,0,10,discretize,0,0,,euclidean,,17980,nearest_neighbors,1.0,0.001222434352519348,3.304865330319987,0.08347696368382165,0.0,1.0,15.0,17980.0,0.0,0.0,1.0,14.0,8928.0,1198.6666666666667,42.0,2648.55977634806,0.496551724137931,0.496551724137931,0.0,0.0,285.9340329170227,True,True
full,tfidf_var_n_components_200,Variation: n_components_200,static_tfidf_svd,sklearn_pipeline,spectral,20,,0,10,kmeans,0,0,,euclidean,,17980,nearest_neighbors,1.0,0.0008189603652760662,2.8036453233326513,0.09324340663243372,0.0981140491859239,1.0,20.0,17980.0,0.0,0.0,1.0,13.0,9189.0,899.0,36.5,2064.346797415589,0.5110678531701891,0.5110678531701891,0.0,0.0,289.910010099411,True,True
full,tfidf_var_n_components_200,Variation: n_components_200,static_tfidf_svd,sklearn_pipeline,spectral,10,,0,10,kmeans,0,0,,euclidean,,17980,nearest_neighbors,1.0,-0.00035695036023362405,2.8664887750625145,0.05841520174682483,0.11109797124207661,1.0,10.0,17980.0,0.0,0.0,1.0,13.0,10312.0,1798.0,56.5,3548.4289199588034,0.5735261401557286,0.5735261401557286,0.0,0.0,302.21152663230896,True,True
full,tfidf_var_n_components_200,Variation: n_components_200,static_tfidf_svd,sklearn_pipeline,spectral,15,,0,10,kmeans,0,0,,euclidean,,17980,nearest_neighbors,1.0,-0.00641645343542639,2.654412613830667,0.07607607199522953,0.10050663022311065,1.0,15.0,17980.0,0.0,0.0,1.0,13.0,9503.0,1198.6666666666667,30.0,2757.510850185161,0.52853170189099,0.52853170189099,0.0,0.0,288.30074286460876,True,True
full,tfidf_var_n_components_50,Variation: n_components_50,static_tfidf_svd,sklearn_pipeline,spectral,30,,0,0,discretize,0,0,,euclidean,,17980,rbf,1.0,0.10089655171272052,2.444556679232643,0.22790263097568506,0.04663758952535811,1.0,30.0,17980.0,0.0,0.0,1.0,300.0,882.0,599.3333333333334,599.0,123.30864617788251,0.04905450500556174,0.04905450500556174,0.0,0.0,36.1136429309845,True,True
full,tfidf_var_n_components_50,Variation: n_components_50,static_tfidf_svd,sklearn_pipeline,spectral,30,,0,0,kmeans,0,0,,euclidean,,17980,rbf,1.0,0.09817487382477809,2.518252126970864,0.1962199395048478,0.01853110752493035,1.0,30.0,17980.0,0.0,0.0,1.0,229.0,1205.0,599.3333333333334,543.0,214.3247276654957,0.06701890989988876,0.06701890989988876,0.0,0.0,43.35708522796631,True,True
full,tfidf_var_n_components_50,Variation: n_components_50,static_tfidf_svd,sklearn_pipeline,spectral,30,,0,30,discretize,0,0,,euclidean,,17980,nearest_neighbors,1.0,0.09688475081926631,2.4680740474618337,0.23547912092971737,0.06001257634340405,1.0,30.0,17980.0,0.0,0.0,1.0,36.0,2133.0,599.3333333333334,512.0,422.54414628007277,0.11863181312569522,0.11863181312569522,0.0,0.0,332.5322103500366,True,True
full,tfidf_var_n_components_50,Variation: n_components_50,static_tfidf_svd,sklearn_pipeline,spectral,25,,0,0,discretize,0,0,,euclidean,,17980,rbf,1.0,0.09613276402212743,2.5518219300376646,0.24106407707299282,0.005848786396927274,1.0,25.0,17980.0,0.0,0.0,1.0,516.0,1274.0,719.2,683.0,169.59952830123083,0.07085650723025584,0.07085650723025584,0.0,0.0,35.38836860656738,True,True
full,tfidf_var_n_components_50,Variation: n_components_50,static_tfidf_svd,sklearn_pipeline,spectral,30,,0,0,kmeans,0,0,,euclidean,,17980,rbf,0.1,0.09469200921407109,2.478835051097224,0.22390781352584957,0.048221921126601675,1.0,30.0,17980.0,0.0,0.0,1.0,291.0,895.0,599.3333333333334,569.5,134.49122234885402,0.049777530589543935,0.049777530589543935,0.0,0.0,35.75806474685669,True,True
full,tfidf_var_n_components_50,Variation: n_components_50,static_tfidf_svd,sklearn_pipeline,spectral,30,,0,20,discretize,0,0,,euclidean,,17980,nearest_neighbors,1.0,0.09239619978443717,2.4290361175775574,0.23781554895671023,0.04698880948089155,1.0,30.0,17980.0,0.0,0.0,1.0,32.0,2080.0,599.3333333333334,513.0,436.8029558304547,0.11568409343715239,0.11568409343715239,0.0,0.0,261.1364252567291,True,True
full,tfidf_var_n_components_50,Variation: n_components_50,static_tfidf_svd,sklearn_pipeline,spectral,25,,0,0,kmeans,0,0,,euclidean,,17980,rbf,1.0,0.09236518318472196,2.638404901594624,0.2098773984396753,0.04726595363773083,1.0,25.0,17980.0,0.0,0.0,1.0,402.0,1521.0,719.2,603.0,305.87160705106317,0.08459399332591769,0.08459399332591769,0.0,0.0,40.165417194366455,True,True
full,tfidf_var_n_components_50,Variation: n_components_50,static_tfidf_svd,sklearn_pipeline,spectral,30,,0,0,discretize,0,0,,euclidean,,17980,rbf,0.1,0.09150322669354002,2.510248491741064,0.22805723447812384,0.047188876052684466,1.0,30.0,17980.0,0.0,0.0,1.0,382.0,941.0,599.3333333333334,568.5,134.48725672799716,0.05233592880978866,0.05233592880978866,0.0,0.0,34.66604280471802,True,True
full,tfidf_var_n_components_50,Variation: n_components_50,static_tfidf_svd,sklearn_pipeline,spectral,20,,0,0,discretize,0,0,,euclidean,,17980,rbf,1.0,0.09066551548481297,2.633789862154785,0.2577125541187862,0.045897767721058344,1.0,20.0,17980.0,0.0,0.0,1.0,645.0,1472.0,899.0,877.0,213.0518716181578,0.08186874304783093,0.08186874304783093,0.0,0.0,35.18972563743591,True,True
full,tfidf_var_n_components_50,Variation: n_components_50,static_tfidf_svd,sklearn_pipeline,spectral,20,,0,0,kmeans,0,0,,euclidean,,17980,rbf,1.0,0.08820532319919633,2.731024362396397,0.2226158699078882,0.047188876052684466,1.0,20.0,17980.0,0.0,0.0,1.0,420.0,1828.0,899.0,906.0,354.569739261545,0.10166852057842046,0.10166852057842046,0.0,0.0,36.98851728439331,True,True
full,tfidf_var_n_components_50,Variation: n_components_50,static_tfidf_svd,sklearn_pipeline,spectral,25,,0,0,kmeans,0,0,,euclidean,,17980,rbf,0.1,0.08755967153261641,2.610622648398354,0.2333887107315917,0.051226658806245044,1.0,25.0,17980.0,0.0,0.0,1.0,443.0,1355.0,719.2,664.0,220.75724223680638,0.0753615127919911,0.0753615127919911,0.0,0.0,36.874321937561035,True,True
full,tfidf_var_n_components_50,Variation: n_components_50,static_tfidf_svd,sklearn_pipeline,spectral,25,,0,30,discretize,0,0,,euclidean,,17980,nearest_neighbors,1.0,0.08748648692426882,2.5422361014193546,0.22251876329294318,0.06023212699905662,1.0,25.0,17980.0,0.0,0.0,1.0,46.0,2959.0,719.2,588.0,596.8420896686158,0.16457174638487207,0.16457174638487207,0.0,0.0,330.8504948616028,True,True
full,tfidf_var_n_components_50,Variation: n_components_50,static_tfidf_svd,sklearn_pipeline,spectral,30,,0,10,discretize,0,0,,euclidean,,17980,nearest_neighbors,1.0,0.08719027827426971,2.468750960648769,0.224946228828786,0.0058161374278759516,1.0,30.0,17980.0,0.0,0.0,1.0,28.0,2363.0,599.3333333333334,522.0,482.58286565337374,0.1314238042269188,0.1314238042269188,0.0,0.0,157.74042582511902,True,True
full,tfidf_var_n_components_50,Variation: n_components_50,static_tfidf_svd,sklearn_pipeline,spectral,25,,0,0,discretize,0,0,,euclidean,,17980,rbf,0.1,0.08705927818585371,2.582362747288109,0.23829864344750304,0.03254304035257739,1.0,25.0,17980.0,0.0,0.0,1.0,458.0,1193.0,719.2,688.0,162.95545403575787,0.06635150166852058,0.06635150166852058,0.0,0.0,36.2509651184082,True,True
full,tfidf_var_n_components_50,Variation: n_components_50,static_tfidf_svd,sklearn_pipeline,spectral,20,,0,0,kmeans,0,0,,euclidean,,17980,rbf,0.1,0.08448541351754096,2.7410876010234957,0.2472258657207466,0.06089218571343759,1.0,20.0,17980.0,0.0,0.0,1.0,582.0,1546.0,899.0,885.5,236.78703511805708,0.08598442714126807,0.08598442714126807,0.0,0.0,36.81084489822388,True,True
full,tfidf_var_n_components_50,Variation: n_components_50,static_tfidf_svd,sklearn_pipeline,spectral,20,,0,0,discretize,0,0,,euclidean,,17980,rbf,0.1,0.0818827777380625,2.7463967393903816,0.24249856894137634,0.06107378022740127,1.0,20.0,17980.0,0.0,0.0,1.0,712.0,1473.0,899.0,801.0,204.54608282731792,0.08192436040044494,0.08192436040044494,0.0,0.0,37.16745352745056,True,True
full,tfidf_var_n_components_50,Variation: n_components_50,static_tfidf_svd,sklearn_pipeline,spectral,25,,0,20,discretize,0,0,,euclidean,,17980,nearest_neighbors,1.0,0.08176381913459436,2.4908499941731943,0.21041953917904435,0.05935728818212485,1.0,25.0,17980.0,0.0,0.0,1.0,32.0,3593.0,719.2,577.0,703.2270757017253,0.19983314794215795,0.19983314794215795,0.0,0.0,256.26829719543457,True,True
full,tfidf_var_n_components_50,Variation: n_components_50,static_tfidf_svd,sklearn_pipeline,spectral,30,,0,30,kmeans,0,0,,euclidean,,17980,nearest_neighbors,1.0,0.08050585365891094,2.389990685390468,0.1458556777810733,0.05935728818212485,1.0,30.0,17980.0,0.0,0.0,1.0,30.0,4010.0,599.3333333333334,435.5,764.8070054304912,0.22302558398220246,0.22302558398220246,0.0,0.0,337.6976237297058,True,True
full,tfidf_var_n_components_50,Variation: n_components_50,static_tfidf_svd,sklearn_pipeline,spectral,15,,0,0,discretize,0,0,,euclidean,,17980,rbf,1.0,0.07993421907027656,2.9099197573011315,0.2511158875464396,0.03216559508318661,1.0,15.0,17980.0,0.0,0.0,1.0,780.0,1712.0,1198.6666666666667,1174.0,245.94651631785496,0.09521690767519467,0.09521690767519467,0.0,0.0,32.2152259349823,True,True
full,tfidf_var_n_components_50,Variation: n_components_50,static_tfidf_svd,sklearn_pipeline,spectral,15,,0,0,kmeans,0,0,,euclidean,,17980,rbf,1.0,0.07771688906917959,2.970401391679526,0.20837653670866885,0.010367166422609037,1.0,15.0,17980.0,0.0,0.0,1.0,559.0,1771.0,1198.6666666666667,1175.0,397.5278047577999,0.09849833147942158,0.09849833147942158,0.0,0.0,37.41305494308472,True,True
full,tfidf_var_n_components_50,Variation: n_components_50,static_tfidf_svd,sklearn_pipeline,spectral,15,,0,0,kmeans,0,0,,euclidean,,17980,rbf,0.1,0.07752292334356668,2.9831180820398253,0.24417447832214403,0.012992926235528609,1.0,15.0,17980.0,0.0,0.0,1.0,763.0,1656.0,1198.6666666666667,1175.0,265.0294742518692,0.09210233592880979,0.09210233592880979,0.0,0.0,34.46433186531067,True,True
full,tfidf_var_n_components_50,Variation: n_components_50,static_tfidf_svd,sklearn_pipeline,spectral,20,,0,30,discretize,0,0,,euclidean,,17980,nearest_neighbors,1.0,0.07573301886450043,2.561266032386668,0.19290220347755802,0.059714961341024116,1.0,20.0,17980.0,0.0,0.0,1.0,47.0,4515.0,899.0,635.0,980.8473887409805,0.2511123470522803,0.2511123470522803,0.0,0.0,324.1834251880646,True,True
full,tfidf_var_n_components_50,Variation: n_components_50,static_tfidf_svd,sklearn_pipeline,spectral,25,,0,10,discretize,0,0,,euclidean,,17980,nearest_neighbors,1.0,0.07564357832859266,2.5306550544743174,0.19821338104444225,0.06036226709543447,1.0,25.0,17980.0,0.0,0.0,1.0,30.0,3799.0,719.2,596.0,764.8393818312444,0.21129032258064517,0.21129032258064517,0.0,0.0,159.0731041431427,True,True
full,tfidf_var_n_components_50,Variation: n_components_50,static_tfidf_svd,sklearn_pipeline,spectral,30,,0,20,kmeans,0,0,,euclidean,,17980,nearest_neighbors,1.0,0.07516644251878057,2.26416353890741,0.10571953362341582,0.0588729202115087,1.0,30.0,17980.0,0.0,0.0,1.0,25.0,5891.0,599.3333333333334,425.5,1016.4510263111002,0.3276418242491657,0.3276418242491657,0.0,0.0,262.84092807769775,True,True
full,tfidf_var_n_components_50,Variation: n_components_50,static_tfidf_svd,sklearn_pipeline,spectral,15,,0,0,discretize,0,0,,euclidean,,17980,rbf,0.1,0.07431684072109639,2.946614359159973,0.24306701378965628,0.051732385488693564,1.0,15.0,17980.0,0.0,0.0,1.0,895.0,1672.0,1198.6666666666667,1215.0,226.448424346227,0.09299221357063404,0.09299221357063404,0.0,0.0,31.104695796966553,True,True
full,tfidf_var_n_components_50,Variation: n_components_50,static_tfidf_svd,sklearn_pipeline,spectral,25,,0,30,kmeans,0,0,,euclidean,,17980,nearest_neighbors,1.0,0.07269455089204764,2.320199753627941,0.10466007720589089,0.0588729202115087,1.0,25.0,17980.0,0.0,0.0,1.0,30.0,6317.0,719.2,470.0,1182.6637730141226,0.3513348164627364,0.3513348164627364,0.0,0.0,336.2534530162811,True,True
full,tfidf_var_n_components_50,Variation: n_components_50,static_tfidf_svd,sklearn_pipeline,spectral,10,,0,0,kmeans,0,0,,euclidean,,17980,rbf,1.0,0.06909538915209894,3.380166911529468,0.18671909922402416,0.07775686076910762,1.0,10.0,17980.0,0.0,0.0,1.0,645.0,3282.0,1798.0,1706.0,737.7673074892923,0.18253615127919912,0.18253615127919912,0.0,0.0,31.00191831588745,True,True
full,tfidf_var_n_components_50,Variation: n_components_50,static_tfidf_svd,sklearn_pipeline,spectral,10,,0,0,discretize,0,0,,euclidean,,17980,rbf,1.0,0.06875940407828367,3.365939932807124,0.2320277006614925,0.042278535310113705,1.0,10.0,17980.0,0.0,0.0,1.0,1270.0,2356.0,1798.0,1824.5,339.8617365929857,0.1310344827586207,0.1310344827586207,0.0,0.0,29.788915395736694,True,True
full,tfidf_var_n_components_50,Variation: n_components_50,static_tfidf_svd,sklearn_pipeline,spectral,30,,0,10,kmeans,0,0,,euclidean,,17980,nearest_neighbors,1.0,0.06724567976409784,2.296405631087747,0.11413935055631234,0.04637712439970182,1.0,30.0,17980.0,0.0,0.0,1.0,21.0,5696.0,599.3333333333334,429.5,994.2796834336348,0.31679644048943273,0.31679644048943273,0.0,0.0,159.44268131256104,True,True
full,tfidf_var_n_components_50,Variation: n_components_50,static_tfidf_svd,sklearn_pipeline,spectral,25,,0,20,kmeans,0,0,,euclidean,,17980,nearest_neighbors,1.0,0.06650727439542867,2.3215045399205336,0.10938459361203048,0.0588729202115087,1.0,25.0,17980.0,0.0,0.0,1.0,25.0,6122.0,719.2,491.0,1164.749415110392,0.34048943270300336,0.34048943270300336,0.0,0.0,259.13031458854675,True,True
full,tfidf_var_n_components_50,Variation: n_components_50,static_tfidf_svd,sklearn_pipeline,spectral,20,,0,20,discretize,0,0,,euclidean,,17980,nearest_neighbors,1.0,0.06623761438052397,2.5351125761761977,0.1952384283133345,0.02582668206286582,1.0,20.0,17980.0,0.0,0.0,1.0,42.0,4895.0,899.0,575.5,1097.4715030468901,0.2722469410456062,0.2722469410456062,0.0,0.0,248.94094562530518,True,True
full,tfidf_var_n_components_50,Variation: n_components_50,static_tfidf_svd,sklearn_pipeline,spectral,10,,0,0,kmeans,0,0,,euclidean,,17980,rbf,0.1,0.06612874165987744,3.49352148715994,0.21440364950690022,0.037126906267780244,1.0,10.0,17980.0,0.0,0.0,1.0,1376.0,2274.0,1798.0,1822.5,259.0575225697953,0.12647385984427142,0.12647385984427142,0.0,0.0,31.72216296195984,True,True
full,tfidf_var_n_components_50,Variation: n_components_50,static_tfidf_svd,sklearn_pipeline,spectral,20,,0,30,kmeans,0,0,,euclidean,,17980,nearest_neighbors,1.0,0.06529294677126098,2.322408205692909,0.10661266639874496,0.02588346390022858,1.0,20.0,17980.0,0.0,0.0,1.0,30.0,6936.0,899.0,526.5,1460.1956375773761,0.385761957730812,0.385761957730812,0.0,0.0,327.81614208221436,True,True
full,tfidf_var_n_components_50,Variation: n_components_50,static_tfidf_svd,sklearn_pipeline,spectral,20,,0,10,discretize,0,0,,euclidean,,17980,nearest_neighbors,1.0,0.06500435102923437,2.58484040793851,0.19022196936623412,0.07366854561647827,1.0,20.0,17980.0,0.0,0.0,1.0,42.0,5040.0,899.0,583.5,1115.7790103779512,0.2803114571746385,0.2803114571746385,0.0,0.0,145.73345017433167,True,True
full,tfidf_var_n_components_50,Variation: n_components_50,static_tfidf_svd,sklearn_pipeline,spectral,15,,0,30,discretize,0,0,,euclidean,,17980,nearest_neighbors,1.0,0.06340266233851809,2.672028719998298,0.15803661768530664,0.04501879851370059,1.0,15.0,17980.0,0.0,0.0,1.0,50.0,6093.0,1198.6666666666667,680.0,1487.5444493825685,0.3388765294771969,0.3388765294771969,0.0,0.0,323.7416250705719,True,True
full,tfidf_var_n_components_50,Variation: n_components_50,static_tfidf_svd,sklearn_pipeline,spectral,10,,0,0,discretize,0,0,,euclidean,,17980,rbf,0.1,0.06254184920324932,3.4174244264028983,0.2198850086663088,0.02288925606619809,1.0,10.0,17980.0,0.0,0.0,1.0,1451.0,2127.0,1798.0,1765.0,240.10206163213175,0.11829810901001113,0.11829810901001113,0.0,0.0,29.26640486717224,True,True
full,tfidf_var_n_components_50,Variation: n_components_50,static_tfidf_svd,sklearn_pipeline,spectral,25,,0,10,kmeans,0,0,,euclidean,,17980,nearest_neighbors,1.0,0.05597220454813369,2.2551692270218857,0.10646440166846673,0.0,1.0,25.0,17980.0,0.0,0.0,1.0,20.0,6480.0,719.2,429.0,1253.569367845274,0.3604004449388209,0.3604004449388209,0.0,0.0,157.40625071525574,True,True
full,tfidf_var_n_components_50,Variation: n_components_50,static_tfidf_svd,sklearn_pipeline,spectral,20,,0,20,kmeans,0,0,,euclidean,,17980,nearest_neighbors,1.0,0.05377466413448002,2.2289926094094255,0.09360874623379806,0.05871667031069618,1.0,20.0,17980.0,0.0,0.0,1.0,25.0,8140.0,899.0,479.0,1726.1720655832662,0.45272525027808674,0.45272525027808674,0.0,0.0,252.6853425502777,True,True
full,tfidf_var_n_components_50,Variation: n_components_50,static_tfidf_svd,sklearn_pipeline,spectral,15,,0,30,kmeans,0,0,,euclidean,,17980,nearest_neighbors,1.0,0.05263650718857563,2.3390293568687097,0.0781162673128235,0.05871667031069618,1.0,15.0,17980.0,0.0,0.0,1.0,30.0,9247.0,1198.6666666666667,532.0,2218.957132428555,0.514293659621802,0.514293659621802,0.0,0.0,326.4713170528412,True,True
full,tfidf_var_n_components_50,Variation: n_components_50,static_tfidf_svd,sklearn_pipeline,spectral,15,,0,20,discretize,0,0,,euclidean,,17980,nearest_neighbors,1.0,0.05217228876597222,2.58829413745133,0.16311035536205132,1.5185024017316815e-08,1.0,15.0,17980.0,0.0,0.0,1.0,43.0,5904.0,1198.6666666666667,538.0,1572.4566625365403,0.32836484983314795,0.32836484983314795,0.0,0.0,249.05263757705688,True,True
full,tfidf_var_n_components_50,Variation: n_components_50,static_tfidf_svd,sklearn_pipeline,spectral,20,,0,10,kmeans,0,0,,euclidean,,17980,nearest_neighbors,1.0,0.05174377934412043,2.2214554098329677,0.09248424908053829,1.5021138535660053e-08,1.0,20.0,17980.0,0.0,0.0,1.0,23.0,8185.0,899.0,480.5,1734.3397879308425,0.45522803114571747,0.45522803114571747,0.0,0.0,149.21747279167175,True,True
full,tfidf_var_n_components_50,Variation: n_components_50,static_tfidf_svd,sklearn_pipeline,spectral,10,,0,30,discretize,0,0,,euclidean,,17980,nearest_neighbors,1.0,0.05127140990096161,2.714027041077237,0.13601108666052786,0.018235683588718757,1.0,10.0,17980.0,0.0,0.0,1.0,74.0,6195.0,1798.0,900.0,2246.046125973374,0.34454949944382646,0.34454949944382646,0.0,0.0,320.5151138305664,True,True
full,tfidf_var_n_components_50,Variation: n_components_50,static_tfidf_svd,sklearn_pipeline,spectral,15,,0,10,discretize,0,0,,euclidean,,17980,nearest_neighbors,1.0,0.0489893847434244,2.6143203926102383,0.16766778391087278,0.04514014204074648,1.0,15.0,17980.0,0.0,0.0,1.0,42.0,5940.0,1198.6666666666667,540.0,1574.4187781174642,0.3303670745272525,0.3303670745272525,0.0,0.0,149.4722285270691,True,True
full,tfidf_var_n_components_50,Variation: n_components_50,static_tfidf_svd,sklearn_pipeline,spectral,10,,0,30,kmeans,0,0,,euclidean,,17980,nearest_neighbors,1.0,0.04850708458668922,2.4568576723170903,0.10858196730602444,0.045138597248288975,1.0,10.0,17980.0,0.0,0.0,1.0,30.0,7739.0,1798.0,714.0,2547.395257905612,0.43042269187986654,0.43042269187986654,0.0,0.0,322.6471920013428,True,True
full,tfidf_var_n_components_50,Variation: n_components_50,static_tfidf_svd,sklearn_pipeline,spectral,25,,0,0,discretize,0,0,,euclidean,,17980,rbf,10.0,0.043619423744994335,2.255734260945958,0.1627144610199383,0.13611753763450468,1.0,25.0,17980.0,0.0,0.0,1.0,3.0,5925.0,719.2,280.0,1250.9446990175065,0.32953281423804226,0.32953281423804226,2.0,0.000389321468298109,55.88834571838379,True,True
full,tfidf_var_n_components_50,Variation: n_components_50,static_tfidf_svd,sklearn_pipeline,spectral,15,,0,20,kmeans,0,0,,euclidean,,17980,nearest_neighbors,1.0,0.04201384021904606,2.2756632452397545,0.08732374818031903,0.017949382593178714,1.0,15.0,17980.0,0.0,0.0,1.0,25.0,8544.0,1198.6666666666667,515.0,2155.185642944838,0.47519466073414907,0.47519466073414907,0.0,0.0,250.8360459804535,True,True
full,tfidf_var_n_components_50,Variation: n_components_50,static_tfidf_svd,sklearn_pipeline,spectral,15,,0,10,kmeans,0,0,,euclidean,,17980,nearest_neighbors,1.0,0.04087853529973363,2.270418471208218,0.1064514223634352,0.09354991886965291,1.0,15.0,17980.0,0.0,0.0,1.0,23.0,8180.0,1198.6666666666667,428.0,2027.6514383777985,0.4549499443826474,0.4549499443826474,0.0,0.0,146.94402933120728,True,True
full,tfidf_var_n_components_50,Variation: n_components_50,static_tfidf_svd,sklearn_pipeline,spectral,10,,0,0,discretize,0,0,,euclidean,,17980,rbf,10.0,0.03853290396790225,2.5547570784376576,0.1218516376705669,0.19464746503728628,1.0,10.0,17980.0,0.0,0.0,1.0,38.0,6895.0,1798.0,692.0,2497.05086051526,0.3834816462736374,0.3834816462736374,0.0,0.0,57.17176604270935,True,True
full,tfidf_var_n_components_50,Variation: n_components_50,static_tfidf_svd,sklearn_pipeline,spectral,30,,0,0,discretize,0,0,,euclidean,,17980,rbf,10.0,0.0381555065179348,2.210826455941759,0.1770159967542319,0.024743438426374314,1.0,30.0,17980.0,0.0,0.0,1.0,3.0,5365.0,599.3333333333334,189.0,1081.0526146102027,0.29838709677419356,0.29838709677419356,2.0,0.0004449388209121246,68.40638303756714,True,True
full,tfidf_var_n_components_50,Variation: n_components_50,static_tfidf_svd,sklearn_pipeline,spectral,10,,0,20,discretize,0,0,,euclidean,,17980,nearest_neighbors,1.0,0.03766537666845973,2.761037932083025,0.11834893446578303,0.08662113564376205,1.0,10.0,17980.0,0.0,0.0,1.0,45.0,7100.0,1798.0,601.0,2482.4264339552947,0.39488320355951056,0.39488320355951056,0.0,0.0,252.72282195091248,True,True
full,tfidf_var_n_components_50,Variation: n_components_50,static_tfidf_svd,sklearn_pipeline,spectral,15,,0,0,discretize,0,0,,euclidean,,17980,rbf,10.0,0.035478289719354156,2.4283901105537358,0.1296285329252779,0.1730269526817551,1.0,15.0,17980.0,0.0,0.0,1.0,19.0,7063.0,1198.6666666666667,552.0,1875.3028792408145,0.392825361512792,0.392825361512792,0.0,0.0,52.661229610443115,True,True
full,tfidf_var_n_components_50,Variation: n_components_50,static_tfidf_svd,sklearn_pipeline,spectral,10,,0,0,kmeans,0,0,,euclidean,,17980,rbf,10.0,0.03444671943041828,2.970769014470688,0.14216147686098174,0.020482609009976897,1.0,10.0,17980.0,0.0,0.0,1.0,21.0,4846.0,1798.0,816.0,1977.8091414491946,0.2695216907675195,0.2695216907675195,0.0,0.0,52.03286170959473,True,True
full,tfidf_var_n_components_50,Variation: n_components_50,static_tfidf_svd,sklearn_pipeline,spectral,10,,0,10,discretize,0,0,,euclidean,,17980,nearest_neighbors,1.0,0.032214969471115996,2.6649591269937374,0.10922453061772684,0.04573686927549867,1.0,10.0,17980.0,0.0,0.0,1.0,45.0,7714.0,1798.0,383.5,2620.7480229888565,0.4290322580645161,0.4290322580645161,0.0,0.0,145.29314589500427,True,True
full,tfidf_var_n_components_50,Variation: n_components_50,static_tfidf_svd,sklearn_pipeline,spectral,25,,0,0,kmeans,0,0,,euclidean,,17980,rbf,10.0,0.030760726731200838,2.253138980246188,0.1468219660617804,0.024743438426374314,1.0,25.0,17980.0,0.0,0.0,1.0,2.0,6186.0,719.2,369.0,1239.6229749403647,0.34404894327030033,0.34404894327030033,3.0,0.0003337041156840934,58.740225076675415,True,True
full,tfidf_var_n_components_50,Variation: n_components_50,static_tfidf_svd,sklearn_pipeline,spectral,10,,0,20,kmeans,0,0,,euclidean,,17980,nearest_neighbors,1.0,0.02711095019402156,2.2793128544962835,0.09557041932777503,0.1719136222619284,1.0,10.0,17980.0,0.0,0.0,1.0,25.0,8328.0,1798.0,284.5,2842.7542982115074,0.46318131256952166,0.46318131256952166,0.0,0.0,251.99982285499573,True,True
full,tfidf_var_n_components_50,Variation: n_components_50,static_tfidf_svd,sklearn_pipeline,spectral,15,,0,0,kmeans,0,0,,euclidean,,17980,rbf,10.0,0.02701596051965094,2.670808311743351,0.1469201434846546,0.07479125335546706,1.0,15.0,17980.0,0.0,0.0,1.0,8.0,5590.0,1198.6666666666667,535.0,1589.3681204246616,0.31090100111234703,0.31090100111234703,0.0,0.0,54.56179451942444,True,True
full,tfidf_var_n_components_50,Variation: n_components_50,static_tfidf_svd,sklearn_pipeline,spectral,10,,0,10,kmeans,0,0,,euclidean,,17980,nearest_neighbors,1.0,0.02555601866842935,2.2727497192089343,0.09405851883858507,0.13148560743133705,1.0,10.0,17980.0,0.0,0.0,1.0,23.0,8405.0,1798.0,285.5,2849.421379859427,0.4674638487208009,0.4674638487208009,0.0,0.0,150.25863027572632,True,True
full,tfidf_var_n_components_50,Variation: n_components_50,static_tfidf_svd,sklearn_pipeline,spectral,20,,0,0,discretize,0,0,,euclidean,,17980,rbf,10.0,0.024778128695714316,2.260157132716561,0.13019839658752516,0.12060984906003713,1.0,20.0,17980.0,0.0,0.0,1.0,3.0,7019.0,899.0,346.0,1659.7975478955257,0.3903781979977753,0.3903781979977753,2.0,0.0004449388209121246,59.19969129562378,True,True
full,tfidf_var_n_components_50,Variation: n_components_50,static_tfidf_svd,sklearn_pipeline,spectral,30,,0,0,kmeans,0,0,,euclidean,,17980,rbf,10.0,0.016272744396560356,2.2429013273312504,0.1429660763103579,0.07479218120770016,1.0,30.0,17980.0,0.0,0.0,1.0,2.0,6372.0,599.3333333333334,196.0,1190.1803598148012,0.35439377085650725,0.35439377085650725,4.0,0.0006117908787541713,60.10191345214844,True,True
full,tfidf_var_n_components_50,Variation: n_components_50,static_tfidf_svd,sklearn_pipeline,spectral,20,,0,0,kmeans,0,0,,euclidean,,17980,rbf,10.0,0.006817870958345634,2.323275017270019,0.10179490226582091,0.09686971348367321,1.0,20.0,17980.0,0.0,0.0,1.0,2.0,8114.0,899.0,323.0,1779.7900157041,0.4512791991101224,0.4512791991101224,2.0,0.0002224694104560623,53.41958451271057,True,True
full,tfidf_var_ngram_range_[1_1],Variation: ngram_range_[1_1],static_tfidf_svd,sklearn_pipeline,spectral,30,,0,0,discretize,0,0,,euclidean,,17980,rbf,1.0,0.06443139904555892,3.195904741559798,0.2333422093426726,0.06882764500298216,1.0,30.0,17980.0,0.0,0.0,1.0,239.0,913.0,599.3333333333334,592.5,147.15283060667082,0.050778642936596216,0.050778642936596216,0.0,0.0,37.120389461517334,True,True
full,tfidf_var_ngram_range_[1_1],Variation: ngram_range_[1_1],static_tfidf_svd,sklearn_pipeline,spectral,25,,0,0,discretize,0,0,,euclidean,,17980,rbf,1.0,0.06164579429319391,3.360030264804926,0.2488904090515706,0.0594470651556201,1.0,25.0,17980.0,0.0,0.0,1.0,334.0,1323.0,719.2,653.0,209.04143130011332,0.0735817575083426,0.0735817575083426,0.0,0.0,39.29348349571228,True,True
full,tfidf_var_ngram_range_[1_1],Variation: ngram_range_[1_1],static_tfidf_svd,sklearn_pipeline,spectral,30,,0,0,discretize,0,0,,euclidean,,17980,rbf,0.1,0.05897084428865534,3.2337650597033165,0.23659786782674308,0.06091785176067692,1.0,30.0,17980.0,0.0,0.0,1.0,439.0,876.0,599.3333333333334,580.5,108.50724502180591,0.04872080088987764,0.04872080088987764,0.0,0.0,37.91374611854553,True,True
full,tfidf_var_ngram_range_[1_1],Variation: ngram_range_[1_1],static_tfidf_svd,sklearn_pipeline,spectral,30,,0,0,kmeans,0,0,,euclidean,,17980,rbf,1.0,0.05851373901600267,3.4964350893150047,0.1795488975384029,0.08048210819082639,1.0,30.0,17980.0,0.0,0.0,1.0,208.0,1938.0,599.3333333333334,502.5,328.1335432750242,0.10778642936596218,0.10778642936596218,0.0,0.0,45.44876217842102,True,True
full,tfidf_var_ngram_range_[1_1],Variation: ngram_range_[1_1],static_tfidf_svd,sklearn_pipeline,spectral,25,,0,0,kmeans,0,0,,euclidean,,17980,rbf,1.0,0.056989799148536066,3.5236022126291875,0.18973087263710353,0.0673570188935741,1.0,25.0,17980.0,0.0,0.0,1.0,206.0,2003.0,719.2,537.0,401.3776276774778,0.1114015572858732,0.1114015572858732,0.0,0.0,38.67050552368164,True,True
full,tfidf_var_ngram_range_[1_1],Variation: ngram_range_[1_1],static_tfidf_svd,sklearn_pipeline,spectral,25,,0,0,kmeans,0,0,,euclidean,,17980,rbf,0.1,0.0563522314026822,3.660717454730482,0.23149524654791342,0.06023179535833711,1.0,25.0,17980.0,0.0,0.0,1.0,457.0,1359.0,719.2,622.0,242.79752881773737,0.07558398220244716,0.07558398220244716,0.0,0.0,38.319146394729614,True,True
full,tfidf_var_ngram_range_[1_1],Variation: ngram_range_[1_1],static_tfidf_svd,sklearn_pipeline,spectral,30,,0,0,kmeans,0,0,,euclidean,,17980,rbf,0.1,0.05616434177210038,3.578983778716911,0.20859365220788947,0.06683218808587242,1.0,30.0,17980.0,0.0,0.0,1.0,375.0,1428.0,599.3333333333334,544.5,213.50852181795668,0.07942157953281424,0.07942157953281424,0.0,0.0,39.055540800094604,True,True
full,tfidf_var_ngram_range_[1_1],Variation: ngram_range_[1_1],static_tfidf_svd,sklearn_pipeline,spectral,20,,0,0,discretize,0,0,,euclidean,,17980,rbf,1.0,0.05570375537265219,3.6420871847368623,0.25951139753579533,0.0594470651556201,1.0,20.0,17980.0,0.0,0.0,1.0,374.0,1687.0,899.0,909.0,307.57259305731384,0.09382647385984427,0.09382647385984427,0.0,0.0,35.21465849876404,True,True
full,tfidf_var_ngram_range_[1_1],Variation: ngram_range_[1_1],static_tfidf_svd,sklearn_pipeline,spectral,25,,0,0,discretize,0,0,,euclidean,,17980,rbf,0.1,0.055640156946616344,3.5206099504446025,0.25139805570878315,0.03982376955217898,1.0,25.0,17980.0,0.0,0.0,1.0,453.0,1228.0,719.2,679.0,166.26845762200358,0.06829810901001113,0.06829810901001113,0.0,0.0,35.95783042907715,True,True
full,tfidf_var_ngram_range_[1_1],Variation: ngram_range_[1_1],static_tfidf_svd,sklearn_pipeline,spectral,30,,0,30,discretize,0,0,,euclidean,,17980,nearest_neighbors,1.0,0.05365069632541858,3.237961068898045,0.21790861142421736,0.0,1.0,30.0,17980.0,0.0,0.0,1.0,55.0,2802.0,599.3333333333334,490.5,578.827742558661,0.15583982202447164,0.15583982202447164,0.0,0.0,379.06498432159424,True,True
full,tfidf_var_ngram_range_[1_1],Variation: ngram_range_[1_1],static_tfidf_svd,sklearn_pipeline,spectral,20,,0,0,kmeans,0,0,,euclidean,,17980,rbf,1.0,0.05275938360584091,3.5350569962858374,0.19004292606135004,0.007050837738761087,1.0,20.0,17980.0,0.0,0.0,1.0,214.0,3256.0,899.0,640.5,691.0625876141755,0.1810901001112347,0.1810901001112347,0.0,0.0,42.20470666885376,True,True
full,tfidf_var_ngram_range_[1_1],Variation: ngram_range_[1_1],static_tfidf_svd,sklearn_pipeline,spectral,30,,0,20,discretize,0,0,,euclidean,,17980,nearest_neighbors,1.0,0.051822139436097606,3.228547235242194,0.2182501181575669,0.08035690686977996,1.0,30.0,17980.0,0.0,0.0,1.0,39.0,2855.0,599.3333333333334,470.0,616.8322480401151,0.15878754171301446,0.15878754171301446,0.0,0.0,362.96823024749756,True,True
full,tfidf_var_ngram_range_[1_1],Variation: ngram_range_[1_1],static_tfidf_svd,sklearn_pipeline,spectral,20,,0,0,kmeans,0,0,,euclidean,,17980,rbf,0.1,0.051751254265542015,3.875873083612981,0.24293208587063567,0.09912237596231419,1.0,20.0,17980.0,0.0,0.0,1.0,505.0,1496.0,899.0,867.0,292.6730257471638,0.0832035595105673,0.0832035595105673,0.0,0.0,40.03143286705017,True,True
full,tfidf_var_ngram_range_[1_1],Variation: ngram_range_[1_1],static_tfidf_svd,sklearn_pipeline,spectral,20,,0,0,discretize,0,0,,euclidean,,17980,rbf,0.1,0.0515831194839807,3.6937946416509577,0.2653891982633666,0.0721213707335978,1.0,20.0,17980.0,0.0,0.0,1.0,629.0,1516.0,899.0,832.5,222.4387556160122,0.08431590656284761,0.08431590656284761,0.0,0.0,33.772456407547,True,True
full,tfidf_var_ngram_range_[1_1],Variation: ngram_range_[1_1],static_tfidf_svd,sklearn_pipeline,spectral,25,,0,30,discretize,0,0,,euclidean,,17980,nearest_neighbors,1.0,0.04900348905769496,3.3351282882118762,0.20501696824228807,0.08035690686977996,1.0,25.0,17980.0,0.0,0.0,1.0,54.0,3137.0,719.2,471.0,769.3850011535187,0.17447163515016686,0.17447163515016686,0.0,0.0,373.1775801181793,True,True
full,tfidf_var_ngram_range_[1_1],Variation: ngram_range_[1_1],static_tfidf_svd,sklearn_pipeline,spectral,15,,0,0,discretize,0,0,,euclidean,,17980,rbf,1.0,0.04783270982149753,3.904225482194401,0.26932765391781105,0.07157979956209298,1.0,15.0,17980.0,0.0,0.0,1.0,753.0,1817.0,1198.6666666666667,1143.0,309.1999712519751,0.1010567296996663,0.1010567296996663,0.0,0.0,32.19532585144043,True,True
full,tfidf_var_ngram_range_[1_1],Variation: ngram_range_[1_1],static_tfidf_svd,sklearn_pipeline,spectral,15,,0,0,kmeans,0,0,,euclidean,,17980,rbf,0.1,0.0473203414634545,4.100192588072354,0.24048314751655522,0.05747270069580118,1.0,15.0,17980.0,0.0,0.0,1.0,581.0,2256.0,1198.6666666666667,1158.0,397.91869632990216,0.12547274749721912,0.12547274749721912,0.0,0.0,34.16090393066406,True,True
full,tfidf_var_ngram_range_[1_1],Variation: ngram_range_[1_1],static_tfidf_svd,sklearn_pipeline,spectral,15,,0,0,kmeans,0,0,,euclidean,,17980,rbf,1.0,0.04455225276997446,3.9297094422001653,0.2055976391664656,0.03425960386816582,1.0,15.0,17980.0,0.0,0.0,1.0,521.0,2394.0,1198.6666666666667,973.0,638.5693036433521,0.13314794215795328,0.13314794215795328,0.0,0.0,34.90252494812012,True,True
full,tfidf_var_ngram_range_[1_1],Variation: ngram_range_[1_1],static_tfidf_svd,sklearn_pipeline,spectral,15,,0,0,discretize,0,0,,euclidean,,17980,rbf,0.1,0.0444763865364291,3.9838195710397666,0.2503416006246758,0.07440397573689501,1.0,15.0,17980.0,0.0,0.0,1.0,896.0,1711.0,1198.6666666666667,1121.0,238.55500181067026,0.09516129032258064,0.09516129032258064,0.0,0.0,34.82940149307251,True,True
full,tfidf_var_ngram_range_[1_1],Variation: ngram_range_[1_1],static_tfidf_svd,sklearn_pipeline,spectral,25,,0,20,discretize,0,0,,euclidean,,17980,nearest_neighbors,1.0,0.044157934914144964,3.2693585720234672,0.19016649737473668,0.0,1.0,25.0,17980.0,0.0,0.0,1.0,38.0,3891.0,719.2,461.0,870.4894715043945,0.2164071190211346,0.2164071190211346,0.0,0.0,352.352388381958,True,True
full,tfidf_var_ngram_range_[1_1],Variation: ngram_range_[1_1],static_tfidf_svd,sklearn_pipeline,spectral,10,,0,0,discretize,0,0,,euclidean,,17980,rbf,1.0,0.04283615711495527,4.406504468231473,0.23607813834420951,0.05747270069580118,1.0,10.0,17980.0,0.0,0.0,1.0,899.0,2496.0,1798.0,1718.5,449.9739992488455,0.13882091212458286,0.13882091212458286,0.0,0.0,28.961090087890625,True,True
full,tfidf_var_ngram_range_[1_1],Variation: ngram_range_[1_1],static_tfidf_svd,sklearn_pipeline,spectral,30,,0,30,kmeans,0,0,,euclidean,,17980,nearest_neighbors,1.0,0.04275781763048411,2.846739876667298,0.09975161339346367,0.07757377752184173,1.0,30.0,17980.0,0.0,0.0,1.0,27.0,6574.0,599.3333333333334,375.0,1158.9471467193357,0.36562847608453836,0.36562847608453836,0.0,0.0,386.98545813560486,True,True
full,tfidf_var_ngram_range_[1_1],Variation: ngram_range_[1_1],static_tfidf_svd,sklearn_pipeline,spectral,10,,0,0,kmeans,0,0,,euclidean,,17980,rbf,1.0,0.04144238729394556,4.475961146527911,0.17811785906674116,0.05835558811558703,1.0,10.0,17980.0,0.0,0.0,1.0,640.0,3639.0,1798.0,1573.5,849.2118699123323,0.20239154616240268,0.20239154616240268,0.0,0.0,31.029215574264526,True,True
full,tfidf_var_ngram_range_[1_1],Variation: ngram_range_[1_1],static_tfidf_svd,sklearn_pipeline,spectral,30,,0,10,discretize,0,0,,euclidean,,17980,nearest_neighbors,1.0,0.04069490233555514,3.28078092711277,0.20894345211460932,0.028580282879319477,1.0,30.0,17980.0,0.0,0.0,1.0,27.0,3018.0,599.3333333333334,445.5,709.1954283239251,0.167853170189099,0.167853170189099,0.0,0.0,288.3350086212158,True,True
full,tfidf_var_ngram_range_[1_1],Variation: ngram_range_[1_1],static_tfidf_svd,sklearn_pipeline,spectral,10,,0,0,kmeans,0,0,,euclidean,,17980,rbf,0.1,0.03993861607830539,4.626842925723172,0.21696551433403605,0.06307159238212305,1.0,10.0,17980.0,0.0,0.0,1.0,1373.0,2228.0,1798.0,1827.5,294.4007472816603,0.1239154616240267,0.1239154616240267,0.0,0.0,33.58253526687622,True,True
full,tfidf_var_ngram_range_[1_1],Variation: ngram_range_[1_1],static_tfidf_svd,sklearn_pipeline,spectral,10,,0,0,discretize,0,0,,euclidean,,17980,rbf,0.1,0.03920606593156748,4.422191440592096,0.2434908556934079,0.03859611606655996,1.0,10.0,17980.0,0.0,0.0,1.0,1505.0,2115.0,1798.0,1736.0,207.81770858134297,0.11763070077864293,0.11763070077864293,0.0,0.0,28.26194167137146,True,True
full,tfidf_var_ngram_range_[1_1],Variation: ngram_range_[1_1],static_tfidf_svd,sklearn_pipeline,spectral,20,,0,30,discretize,0,0,,euclidean,,17980,nearest_neighbors,1.0,0.03919325371186414,3.3313629684783814,0.15771855265417858,0.0,1.0,20.0,17980.0,0.0,0.0,1.0,55.0,5942.0,899.0,541.0,1283.6420840717244,0.33047830923248056,0.33047830923248056,0.0,0.0,371.9712071418762,True,True
full,tfidf_var_ngram_range_[1_1],Variation: ngram_range_[1_1],static_tfidf_svd,sklearn_pipeline,spectral,15,,0,30,discretize,0,0,,euclidean,,17980,nearest_neighbors,1.0,0.03908197282522774,3.441385569982337,0.16746562670227044,0.01752574698951516,1.0,15.0,17980.0,0.0,0.0,1.0,56.0,6056.0,1198.6666666666667,750.0,1491.4936435965421,0.3368186874304783,0.3368186874304783,0.0,0.0,371.04233717918396,True,True
full,tfidf_var_ngram_range_[1_1],Variation: ngram_range_[1_1],static_tfidf_svd,sklearn_pipeline,spectral,20,,0,20,discretize,0,0,,euclidean,,17980,nearest_neighbors,1.0,0.03863570148519941,3.3390862399313206,0.15637426130349133,0.07905513061742238,1.0,19.0,17980.0,0.0,0.0,1.0,38.0,6065.0,946.3157894736842,505.0,1338.1584381306147,0.33731924360400445,0.33731924360400445,0.0,0.0,350.4950840473175,True,True
full,tfidf_var_ngram_range_[1_1],Variation: ngram_range_[1_1],static_tfidf_svd,sklearn_pipeline,spectral,30,,0,20,kmeans,0,0,,euclidean,,17980,nearest_neighbors,1.0,0.036532415094523464,2.720118998090895,0.09141383687920573,0.014509444840705411,1.0,30.0,17980.0,0.0,0.0,1.0,20.0,7467.0,599.3333333333334,358.0,1322.9356329349093,0.4152947719688543,0.4152947719688543,0.0,0.0,358.1279332637787,True,True
full,tfidf_var_ngram_range_[1_1],Variation: ngram_range_[1_1],static_tfidf_svd,sklearn_pipeline,spectral,25,,0,10,discretize,0,0,,euclidean,,17980,nearest_neighbors,1.0,0.03574739829930016,3.245481484169616,0.19935004247183588,0.07905513061742238,1.0,25.0,17980.0,0.0,0.0,1.0,29.0,4481.0,719.2,280.0,959.466768575129,0.2492213570634038,0.2492213570634038,0.0,0.0,286.52121114730835,True,True
full,tfidf_var_ngram_range_[1_1],Variation: ngram_range_[1_1],static_tfidf_svd,sklearn_pipeline,spectral,25,,0,30,kmeans,0,0,,euclidean,,17980,nearest_neighbors,1.0,0.035099723970535276,2.7844886514774796,0.08508463592476838,0.07745310052116888,1.0,25.0,17980.0,0.0,0.0,1.0,27.0,7858.0,719.2,381.0,1511.8327156137348,0.43704115684093436,0.43704115684093436,0.0,0.0,377.4651839733124,True,True
full,tfidf_var_ngram_range_[1_1],Variation: ngram_range_[1_1],static_tfidf_svd,sklearn_pipeline,spectral,15,,0,30,kmeans,0,0,,euclidean,,17980,nearest_neighbors,1.0,0.032651407398111704,3.0310435099375934,0.0967819336790112,0.07619836572788827,1.0,15.0,17980.0,0.0,0.0,1.0,31.0,8443.0,1198.6666666666667,528.0,2038.0291678209342,0.4695773081201335,0.4695773081201335,0.0,0.0,373.79022336006165,True,True
full,tfidf_var_ngram_range_[1_1],Variation: ngram_range_[1_1],static_tfidf_svd,sklearn_pipeline,spectral,20,,0,10,discretize,0,0,,euclidean,,17980,nearest_neighbors,1.0,0.03234724806177762,3.2495835533990087,0.16309255351766053,8.883870100785089e-09,1.0,20.0,17980.0,0.0,0.0,1.0,30.0,5915.0,899.0,476.0,1308.7954003586656,0.32897664071190214,0.32897664071190214,0.0,0.0,280.23512721061707,True,True
full,tfidf_var_ngram_range_[1_1],Variation: ngram_range_[1_1],static_tfidf_svd,sklearn_pipeline,spectral,15,,0,20,discretize,0,0,,euclidean,,17980,nearest_neighbors,1.0,0.03214563666942852,3.373066928125865,0.17292752298384,0.07905513061742238,1.0,15.0,17980.0,0.0,0.0,1.0,38.0,5446.0,1198.6666666666667,521.0,1495.7462203046196,0.30289210233592884,0.30289210233592884,0.0,0.0,343.6544096469879,True,True
full,tfidf_var_ngram_range_[1_1],Variation: ngram_range_[1_1],static_tfidf_svd,sklearn_pipeline,spectral,10,,0,30,discretize,0,0,,euclidean,,17980,nearest_neighbors,1.0,0.02958456547890899,3.573796907481454,0.13609128354313932,0.0,1.0,10.0,17980.0,0.0,0.0,1.0,60.0,6097.0,1798.0,867.5,2233.011374803093,0.33909899888765294,0.33909899888765294,0.0,0.0,369.435998916626,True,True
full,tfidf_var_ngram_range_[1_1],Variation: ngram_range_[1_1],static_tfidf_svd,sklearn_pipeline,spectral,25,,0,20,kmeans,0,0,,euclidean,,17980,nearest_neighbors,1.0,0.029108801174587702,2.72127572627478,0.08285902263294033,0.1033528749366257,1.0,25.0,17980.0,0.0,0.0,1.0,20.0,8127.0,719.2,366.0,1568.9738812357587,0.45200222469410456,0.45200222469410456,0.0,0.0,353.6131784915924,True,True
full,tfidf_var_ngram_range_[1_1],Variation: ngram_range_[1_1],static_tfidf_svd,sklearn_pipeline,spectral,20,,0,30,kmeans,0,0,,euclidean,,17980,nearest_neighbors,1.0,0.028803157135076776,2.802206235720664,0.0846164012909438,0.01752574698951516,1.0,20.0,17980.0,0.0,0.0,1.0,27.0,8647.0,899.0,364.5,1846.047019986219,0.48092324805339265,0.48092324805339265,0.0,0.0,374.53584384918213,True,True
full,tfidf_var_ngram_range_[1_1],Variation: ngram_range_[1_1],static_tfidf_svd,sklearn_pipeline,spectral,10,,0,30,kmeans,0,0,,euclidean,,17980,nearest_neighbors,1.0,0.02619063099805381,3.1902735233137545,0.10163231008413383,0.01752574698951516,1.0,10.0,17980.0,0.0,0.0,1.0,31.0,8078.0,1798.0,662.5,2584.45827979482,0.44927697441601777,0.44927697441601777,0.0,0.0,370.74403500556946,True,True
full,tfidf_var_ngram_range_[1_1],Variation: ngram_range_[1_1],static_tfidf_svd,sklearn_pipeline,spectral,20,,0,20,kmeans,0,0,,euclidean,,17980,nearest_neighbors,1.0,0.025137461506385475,2.83886303028641,0.08791958191547043,0.08903693845972975,1.0,20.0,17980.0,0.0,0.0,1.0,20.0,8496.0,899.0,369.0,1816.4499167331865,0.47252502780867633,0.47252502780867633,0.0,0.0,353.5366711616516,True,True
full,tfidf_var_ngram_range_[1_1],Variation: ngram_range_[1_1],static_tfidf_svd,sklearn_pipeline,spectral,30,,0,10,kmeans,0,0,,euclidean,,17980,nearest_neighbors,1.0,0.02504990049582141,2.7425545431101668,0.12314718603401122,0.07562916286818962,1.0,30.0,17980.0,0.0,0.0,1.0,13.0,5909.0,599.3333333333334,274.0,1120.310889391373,0.328642936596218,0.328642936596218,0.0,0.0,290.28242349624634,True,True
full,tfidf_var_ngram_range_[1_1],Variation: ngram_range_[1_1],static_tfidf_svd,sklearn_pipeline,spectral,15,,0,20,kmeans,0,0,,euclidean,,17980,nearest_neighbors,1.0,0.02471378376420163,2.8526790192196216,0.095544665556252,0.08903693845972975,1.0,15.0,17980.0,0.0,0.0,1.0,26.0,8733.0,1198.6666666666667,385.0,2140.859692325077,0.485706340378198,0.485706340378198,0.0,0.0,348.82693696022034,True,True
full,tfidf_var_ngram_range_[1_1],Variation: ngram_range_[1_1],static_tfidf_svd,sklearn_pipeline,spectral,10,,0,20,discretize,0,0,,euclidean,,17980,nearest_neighbors,1.0,0.020888442638021445,3.335324871938517,0.11273997363441367,0.07419648220836222,1.0,10.0,17980.0,0.0,0.0,1.0,43.0,7547.0,1798.0,373.5,2585.9426907802886,0.41974416017797556,0.41974416017797556,0.0,0.0,346.11715626716614,True,True
full,tfidf_var_ngram_range_[1_1],Variation: ngram_range_[1_1],static_tfidf_svd,sklearn_pipeline,spectral,15,,0,10,discretize,0,0,,euclidean,,17980,nearest_neighbors,1.0,0.020150273520729477,3.2819220568417387,0.15466018234322265,0.07905513061742238,1.0,15.0,17980.0,0.0,0.0,1.0,30.0,6291.0,1198.6666666666667,284.0,1687.9095815699238,0.349888765294772,0.349888765294772,0.0,0.0,278.12141704559326,True,True
full,tfidf_var_ngram_range_[1_1],Variation: ngram_range_[1_1],static_tfidf_svd,sklearn_pipeline,spectral,25,,0,10,kmeans,0,0,,euclidean,,17980,nearest_neighbors,1.0,0.019223058765814593,2.6587945734302476,0.0860325976097318,0.0752717247984796,1.0,25.0,17980.0,0.0,0.0,1.0,13.0,8267.0,719.2,200.0,1608.0726103009156,0.45978865406006675,0.45978865406006675,0.0,0.0,286.37001943588257,True,True
full,tfidf_var_ngram_range_[1_1],Variation: ngram_range_[1_1],static_tfidf_svd,sklearn_pipeline,spectral,10,,0,10,discretize,0,0,,euclidean,,17980,nearest_neighbors,1.0,0.01892958507754517,3.2608895496205585,0.11137565651522464,0.16351869596997662,1.0,10.0,17980.0,0.0,0.0,1.0,31.0,7708.0,1798.0,367.0,2596.7006758577318,0.42869855394883205,0.42869855394883205,0.0,0.0,276.8193221092224,True,True
full,tfidf_var_ngram_range_[1_1],Variation: ngram_range_[1_1],static_tfidf_svd,sklearn_pipeline,spectral,20,,0,10,kmeans,0,0,,euclidean,,17980,nearest_neighbors,1.0,0.017625618925852057,2.7190832883969964,0.08478165184251928,0.07440397573689501,1.0,20.0,17980.0,0.0,0.0,1.0,13.0,8784.0,899.0,376.0,1895.5737126263384,0.4885428253615128,0.4885428253615128,0.0,0.0,282.9939453601837,True,True
full,tfidf_var_ngram_range_[1_1],Variation: ngram_range_[1_1],static_tfidf_svd,sklearn_pipeline,spectral,10,,0,20,kmeans,0,0,,euclidean,,17980,nearest_neighbors,1.0,0.016911368401891405,2.9532288810552707,0.09084271805579243,0.17749074347933166,1.0,10.0,17980.0,0.0,0.0,1.0,26.0,8888.0,1798.0,284.0,2839.3744381465435,0.4943270300333704,0.4943270300333704,0.0,0.0,345.8318154811859,True,True
full,tfidf_var_ngram_range_[1_1],Variation: ngram_range_[1_1],static_tfidf_svd,sklearn_pipeline,spectral,10,,0,10,kmeans,0,0,,euclidean,,17980,nearest_neighbors,1.0,0.01589936775249799,2.9488026952681388,0.08982956240414258,1.7767740201570178e-08,1.0,10.0,17980.0,0.0,0.0,1.0,25.0,8977.0,1798.0,275.5,2854.175082226036,0.4992769744160178,0.4992769744160178,0.0,0.0,275.41769552230835,True,True
full,tfidf_var_ngram_range_[1_1],Variation: ngram_range_[1_1],static_tfidf_svd,sklearn_pipeline,spectral,15,,0,10,kmeans,0,0,,euclidean,,17980,nearest_neighbors,1.0,0.006987496361344827,2.7528795034353903,0.09229393508645747,8.883870100785089e-09,1.0,15.0,17980.0,0.0,0.0,1.0,13.0,9023.0,1198.6666666666667,200.0,2231.2201943231767,0.5018353726362625,0.5018353726362625,0.0,0.0,280.31572794914246,True,True
full,word2vec_proxy_glove,Static proxy (GloVe 300),static,glove-wiki-gigaword-300,spectral,10,,0,10,discretize,0,0,,euclidean,,17982,nearest_neighbors,1.0,0.049424730241298676,2.8226185096807455,0.1611593380317982,9.572460964078536e-09,1.0,10.0,17982.0,0.0,0.0,1.0,10.0,6218.0,1798.2,820.5,2158.755419217286,0.34579023467912356,0.34579023467912356,0.0,0.0,147.32932686805725,True,True
full,word2vec_proxy_glove,Static proxy (GloVe 300),static,glove-wiki-gigaword-300,spectral,10,,0,10,kmeans,0,0,,euclidean,,17982,nearest_neighbors,1.0,0.04783148318529129,2.3786601121009068,0.13273830122183142,0.10127155192986542,1.0,10.0,17982.0,0.0,0.0,1.0,10.0,6796.0,1798.2,566.0,2433.3203981391357,0.37793348904460017,0.37793348904460017,0.0,0.0,150.07389974594116,True,True
full,word2vec_proxy_glove,Static proxy (GloVe 300),static,glove-wiki-gigaword-300,spectral,10,,0,20,kmeans,0,0,,euclidean,,17982,nearest_neighbors,1.0,0.04718121513724327,2.617536631382822,0.14454466295568627,0.09673371636288618,1.0,10.0,17982.0,0.0,0.0,1.0,22.0,6044.0,1798.2,1097.0,2175.607446208989,0.3361138916694472,0.3361138916694472,0.0,0.0,197.25870871543884,True,True
full,word2vec_proxy_glove,Static proxy (GloVe 300),static,glove-wiki-gigaword-300,spectral,10,,0,20,discretize,0,0,,euclidean,,17982,nearest_neighbors,1.0,0.045307472348213196,3.044065140679918,0.1846776143355518,0.08114314260823734,1.0,10.0,17982.0,0.0,0.0,1.0,87.0,5822.0,1798.2,1299.0,1820.9323875421626,0.32376821265710154,0.32376821265710154,0.0,0.0,194.64323258399963,True,True
full,word2vec_proxy_glove,Static proxy (GloVe 300),static,glove-wiki-gigaword-300,spectral,10,,0,30,kmeans,0,0,,euclidean,,17982,nearest_neighbors,1.0,0.04135795310139656,2.830138204923073,0.14715764779779275,1.3256027227572977e-08,1.0,10.0,17982.0,0.0,0.0,1.0,96.0,5876.0,1798.2,1030.5,2073.711686807016,0.32677121566010453,0.32677121566010453,0.0,0.0,220.1638777256012,True,True
full,word2vec_proxy_glove,Static proxy (GloVe 300),static,glove-wiki-gigaword-300,spectral,10,,0,30,discretize,0,0,,euclidean,,17982,nearest_neighbors,1.0,0.039006754755973816,3.2145522718552755,0.1934590886936153,0.05268649270729653,1.0,10.0,17982.0,0.0,0.0,1.0,170.0,5439.0,1798.2,1429.5,1637.4183826988142,0.30246913580246915,0.30246913580246915,0.0,0.0,220.24655985832214,True,True
full,word2vec_proxy_glove,Static proxy (GloVe 300),static,glove-wiki-gigaword-300,spectral,15,,0,10,kmeans,0,0,,euclidean,,17982,nearest_neighbors,1.0,0.03604631870985031,2.4557302986941134,0.1553404387845207,1.901734199023026e-08,1.0,15.0,17982.0,0.0,0.0,1.0,10.0,5906.0,1198.8,524.0,1789.5521301897484,0.3284395506617729,0.3284395506617729,0.0,0.0,150.24605226516724,True,True
full,word2vec_proxy_glove,Static proxy (GloVe 300),static,glove-wiki-gigaword-300,spectral,15,,0,10,discretize,0,0,,euclidean,,17982,nearest_neighbors,1.0,0.03469526395201683,3.0788705394022964,0.21849240357238378,0.0256159042717598,1.0,15.0,17982.0,0.0,0.0,1.0,10.0,4520.0,1198.8,808.0,1322.501629488599,0.2513624735846958,0.2513624735846958,0.0,0.0,147.04237151145935,True,True
full,word2vec_proxy_glove,Static proxy (GloVe 300),static,glove-wiki-gigaword-300,spectral,10,,0,0,kmeans,0,0,,euclidean,,17982,rbf,0.1,0.03061637468636036,3.352811976247126,0.15427131329814217,0.0438584731110658,1.0,10.0,17982.0,0.0,0.0,1.0,472.0,2814.0,1798.2,1735.5,624.0788091258987,0.15648982315648982,0.15648982315648982,0.0,0.0,31.876906156539917,True,True
full,word2vec_proxy_glove,Static proxy (GloVe 300),static,glove-wiki-gigaword-300,spectral,10,,0,0,discretize,0,0,,euclidean,,17982,rbf,0.1,0.029024656862020493,3.3963183767510943,0.15481699412941247,0.00671627413535235,1.0,10.0,17982.0,0.0,0.0,1.0,798.0,2802.0,1798.2,1777.0,469.89185989970076,0.1558224891558225,0.1558224891558225,0.0,0.0,27.804831981658936,True,True
full,word2vec_proxy_glove,Static proxy (GloVe 300),static,glove-wiki-gigaword-300,spectral,20,,0,10,discretize,0,0,,euclidean,,17982,nearest_neighbors,1.0,0.028245536610484123,3.2088497118403874,0.2156441221415221,0.0516052241630839,1.0,20.0,17982.0,0.0,0.0,1.0,10.0,4512.0,899.1,542.5,1136.5961859869142,0.2509175842509176,0.2509175842509176,0.0,0.0,147.58414554595947,True,True
full,word2vec_proxy_glove,Static proxy (GloVe 300),static,glove-wiki-gigaword-300,spectral,15,,0,20,discretize,0,0,,euclidean,,17982,nearest_neighbors,1.0,0.0277861300855875,3.54246758780611,0.22136927093354436,0.08114314260823734,1.0,15.0,17982.0,0.0,0.0,1.0,71.0,4279.0,1198.8,989.0,1136.5968033270785,0.23796018240462685,0.23796018240462685,0.0,0.0,196.3326551914215,True,True
full,word2vec_proxy_glove,Static proxy (GloVe 300),static,glove-wiki-gigaword-300,spectral,15,,0,0,kmeans,0,0,,euclidean,,17982,rbf,1.0,0.027573848143219948,3.2263830336514308,0.16858402191103278,0.033486442372372756,1.0,15.0,17982.0,0.0,0.0,1.0,11.0,3413.0,1198.8,1228.0,832.7149332154431,0.18980091202313423,0.18980091202313423,0.0,0.0,32.86672759056091,True,True
full,word2vec_proxy_glove,Static proxy (GloVe 300),static,glove-wiki-gigaword-300,spectral,15,,0,20,kmeans,0,0,,euclidean,,17982,nearest_neighbors,1.0,0.026042867451906204,2.9778868373680796,0.1526089178282795,0.0555214056919361,1.0,15.0,17982.0,0.0,0.0,1.0,22.0,5608.0,1198.8,603.0,1597.8957079025317,0.3118674229785341,0.3118674229785341,0.0,0.0,197.62920594215393,True,True
full,word2vec_proxy_glove,Static proxy (GloVe 300),static,glove-wiki-gigaword-300,spectral,20,,0,10,kmeans,0,0,,euclidean,,17982,nearest_neighbors,1.0,0.025587204843759537,2.6156065917771434,0.15036430392929437,1.901734199023026e-08,1.0,20.0,17982.0,0.0,0.0,1.0,10.0,5864.0,899.1,406.5,1529.628088784983,0.3261038816594372,0.3261038816594372,0.0,0.0,152.04625964164734,True,True
full,word2vec_proxy_glove,Static proxy (GloVe 300),static,glove-wiki-gigaword-300,spectral,15,,0,30,discretize,0,0,,euclidean,,17982,nearest_neighbors,1.0,0.025124428793787956,3.5551811108000075,0.232821396904576,0.0,1.0,15.0,17982.0,0.0,0.0,1.0,79.0,3572.0,1198.8,995.0,923.676148152948,0.19864308753197643,0.19864308753197643,0.0,0.0,219.30740427970886,True,True
full,word2vec_proxy_glove,Static proxy (GloVe 300),static,glove-wiki-gigaword-300,spectral,10,,0,0,kmeans,0,0,,euclidean,,17982,rbf,1.0,0.02406427264213562,3.2843949934742063,0.14626748645573812,0.03130498742442248,1.0,10.0,17982.0,0.0,0.0,1.0,204.0,4068.0,1798.2,1535.5,987.3552349585229,0.22622622622622623,0.22622622622622623,0.0,0.0,30.533790111541748,True,True
full,word2vec_proxy_glove,Static proxy (GloVe 300),static,glove-wiki-gigaword-300,spectral,15,,0,30,kmeans,0,0,,euclidean,,17982,nearest_neighbors,1.0,0.023575428873300552,3.129933144546052,0.16924018848635997,0.0,1.0,15.0,17982.0,0.0,0.0,1.0,45.0,5215.0,1198.8,806.0,1337.3580522806894,0.2900122344566789,0.2900122344566789,0.0,0.0,222.08288383483887,True,True
full,word2vec_proxy_glove,Static proxy (GloVe 300),static,glove-wiki-gigaword-300,spectral,15,,0,0,kmeans,0,0,,euclidean,,17982,rbf,0.1,0.023285692557692528,3.4952485517564047,0.1881083677807256,0.027278382588131714,1.0,15.0,17982.0,0.0,0.0,1.0,329.0,2122.0,1198.8,1166.0,461.71018326796013,0.11800689578467356,0.11800689578467356,0.0,0.0,31.680136919021606,True,True
full,word2vec_proxy_glove,Static proxy (GloVe 300),static,glove-wiki-gigaword-300,spectral,10,,0,0,discretize,0,0,,euclidean,,17982,rbf,1.0,0.022952934727072716,3.362642206311269,0.16637497826536035,0.029527879865244067,1.0,10.0,17982.0,0.0,0.0,1.0,817.0,2289.0,1798.2,1899.0,373.8354718321952,0.12729396062729395,0.12729396062729395,0.0,0.0,30.12867021560669,True,True
full,word2vec_proxy_glove,Static proxy (GloVe 300),static,glove-wiki-gigaword-300,spectral,20,,0,30,discretize,0,0,,euclidean,,17982,nearest_neighbors,1.0,0.021845409646630287,3.4520498534593003,0.23680171989143453,0.012587971237982623,1.0,20.0,17982.0,0.0,0.0,1.0,71.0,2587.0,899.1,756.0,624.5716051823041,0.14386608831053274,0.14386608831053274,0.0,0.0,226.28229975700378,True,True
full,word2vec_proxy_glove,Static proxy (GloVe 300),static,glove-wiki-gigaword-300,spectral,25,,0,20,kmeans,0,0,,euclidean,,17982,nearest_neighbors,1.0,0.021499037742614746,2.964689142313807,0.17376360557038165,0.0,1.0,25.0,17982.0,0.0,0.0,1.0,22.0,3467.0,719.28,501.0,880.2292664982233,0.19280391502613725,0.19280391502613725,0.0,0.0,207.74583649635315,True,True
full,word2vec_proxy_glove,Static proxy (GloVe 300),static,glove-wiki-gigaword-300,spectral,15,,0,0,discretize,0,0,,euclidean,,17982,rbf,0.1,0.02122526243329048,3.520889909272013,0.210855115729527,0.04315177164480649,1.0,15.0,17982.0,0.0,0.0,1.0,520.0,1695.0,1198.8,1188.0,285.7561197944849,0.09426092759426093,0.09426092759426093,0.0,0.0,29.860116243362427,True,True
full,word2vec_proxy_glove,Static proxy (GloVe 300),static,glove-wiki-gigaword-300,spectral,20,,0,20,discretize,0,0,,euclidean,,17982,nearest_neighbors,1.0,0.021221138536930084,3.409490176343457,0.2362454893606401,0.07351890491868937,1.0,20.0,17982.0,0.0,0.0,1.0,66.0,2534.0,899.1,800.5,706.1229992005642,0.14091869647425204,0.14091869647425204,0.0,0.0,202.82297682762146,True,True
full,word2vec_proxy_glove,Static proxy (GloVe 300),static,glove-wiki-gigaword-300,spectral,30,,0,20,discretize,0,0,,euclidean,,17982,nearest_neighbors,1.0,0.021146265789866447,3.4347398207748356,0.21633312455473316,0.05664989961706155,1.0,30.0,17982.0,0.0,0.0,1.0,46.0,2480.0,599.4,556.5,513.2711823847766,0.13791569347124902,0.13791569347124902,0.0,0.0,204.7858157157898,True,True
full,word2vec_proxy_glove,Static proxy (GloVe 300),static,glove-wiki-gigaword-300,spectral,25,,0,20,discretize,0,0,,euclidean,,17982,nearest_neighbors,1.0,0.02098693512380123,3.3380876271209523,0.23998981285857837,0.024796232856781734,1.0,25.0,17982.0,0.0,0.0,1.0,49.0,2557.0,719.28,647.0,603.7699243917339,0.14219775330886442,0.14219775330886442,0.0,0.0,204.08676075935364,True,True
full,word2vec_proxy_glove,Static proxy (GloVe 300),static,glove-wiki-gigaword-300,spectral,30,,0,30,discretize,0,0,,euclidean,,17982,nearest_neighbors,1.0,0.020744143053889275,3.4144790743555022,0.21577064656636882,0.02189583958830311,1.0,30.0,17982.0,0.0,0.0,1.0,57.0,2245.0,599.4,561.0,459.7646209384391,0.12484706929151373,0.12484706929151373,0.0,0.0,226.77511477470398,True,True
full,word2vec_proxy_glove,Static proxy (GloVe 300),static,glove-wiki-gigaword-300,spectral,20,,0,30,kmeans,0,0,,euclidean,,17982,nearest_neighbors,1.0,0.02045709267258644,3.0593721410956194,0.16647371308957062,0.027549880782186585,1.0,20.0,17982.0,0.0,0.0,1.0,26.0,4234.0,899.1,653.0,979.5906747208244,0.23545767990212435,0.23545767990212435,0.0,0.0,228.4137408733368,True,True
full,word2vec_proxy_glove,Static proxy (GloVe 300),static,glove-wiki-gigaword-300,spectral,20,,0,0,discretize,0,0,,euclidean,,17982,rbf,1.0,0.020169125869870186,3.52761215848923,0.23191755072146386,0.03378988840855324,1.0,20.0,17982.0,0.0,0.0,1.0,27.0,1504.0,899.1,885.0,340.75649663652786,0.08363919475030586,0.08363919475030586,0.0,0.0,32.81725740432739,True,True
full,word2vec_proxy_glove,Static proxy (GloVe 300),static,glove-wiki-gigaword-300,spectral,20,,0,0,discretize,0,0,,euclidean,,17982,rbf,0.1,0.020062722265720367,3.737348064373937,0.23008668981034594,0.05593648868580532,1.0,20.0,17982.0,0.0,0.0,1.0,366.0,1411.0,899.1,850.5,283.7949788139318,0.07846735624513403,0.07846735624513403,0.0,0.0,31.54365563392639,True,True
full,word2vec_proxy_glove,Static proxy (GloVe 300),static,glove-wiki-gigaword-300,spectral,20,,0,0,kmeans,0,0,,euclidean,,17982,rbf,0.1,0.018589040264487267,3.504470220068806,0.20131505015191337,0.04236825681784116,1.0,20.0,17982.0,0.0,0.0,1.0,230.0,1920.0,899.1,885.5,386.8551279225855,0.10677344010677343,0.10677344010677343,0.0,0.0,35.256715059280396,True,True
full,word2vec_proxy_glove,Static proxy (GloVe 300),static,glove-wiki-gigaword-300,spectral,15,,0,0,discretize,0,0,,euclidean,,17982,rbf,1.0,0.018315453082323074,3.5054712120123788,0.2120202518565229,0.04442256257473996,1.0,15.0,17982.0,0.0,0.0,1.0,557.0,1626.0,1198.8,1237.0,279.39415407866596,0.09042375709042376,0.09042375709042376,0.0,0.0,32.505990743637085,True,True
full,word2vec_proxy_glove,Static proxy (GloVe 300),static,glove-wiki-gigaword-300,spectral,20,,0,20,kmeans,0,0,,euclidean,,17982,nearest_neighbors,1.0,0.017451727762818336,3.0487959183592417,0.16067297236107042,0.033200758947734166,1.0,20.0,17982.0,0.0,0.0,1.0,24.0,3960.0,899.1,571.0,1055.7627053462345,0.22022022022022023,0.22022022022022023,0.0,0.0,204.91064929962158,True,True
full,word2vec_proxy_glove,Static proxy (GloVe 300),static,glove-wiki-gigaword-300,spectral,30,,0,20,kmeans,0,0,,euclidean,,17982,nearest_neighbors,1.0,0.0170889925211668,2.9732461231072675,0.15442743346516274,0.011721353634057175,1.0,30.0,17982.0,0.0,0.0,1.0,17.0,3695.0,599.4,437.5,809.6462437385849,0.2054832610388166,0.2054832610388166,0.0,0.0,207.3910481929779,True,True
full,word2vec_proxy_glove,Static proxy (GloVe 300),static,glove-wiki-gigaword-300,spectral,30,,0,30,kmeans,0,0,,euclidean,,17982,nearest_neighbors,1.0,0.016481861472129822,3.0390381206536685,0.15228116313649284,0.027739291206364872,1.0,30.0,17982.0,0.0,0.0,1.0,26.0,3700.0,599.4,432.0,776.3261599783087,0.205761316872428,0.205761316872428,0.0,0.0,230.71552538871765,True,True
full,word2vec_proxy_glove,Static proxy (GloVe 300),static,glove-wiki-gigaword-300,spectral,25,,0,30,kmeans,0,0,,euclidean,,17982,nearest_neighbors,1.0,0.01639445684850216,3.1152092570553043,0.15920444475589873,0.027751012592582128,1.0,25.0,17982.0,0.0,0.0,1.0,26.0,3683.0,719.28,531.0,818.6844334662776,0.20481592703814927,0.20481592703814927,0.0,0.0,232.5397379398346,True,True
full,word2vec_proxy_glove,Static proxy (GloVe 300),static,glove-wiki-gigaword-300,spectral,25,,0,10,discretize,0,0,,euclidean,,17982,nearest_neighbors,1.0,0.016010776162147522,3.1968639407604944,0.2664037729143066,0.0,1.0,25.0,17982.0,0.0,0.0,1.0,4.0,2608.0,719.28,432.0,751.5321161467419,0.14503392281170058,0.14503392281170058,1.0,0.00022244466688911134,154.72595691680908,True,True
full,word2vec_proxy_glove,Static proxy (GloVe 300),static,glove-wiki-gigaword-300,spectral,20,,0,0,kmeans,0,0,,euclidean,,17982,rbf,1.0,0.015946747735142708,3.2950567741083874,0.16763444935726868,0.053463869024657,1.0,20.0,17982.0,0.0,0.0,1.0,11.0,2352.0,899.1,882.0,594.5911956966736,0.13079746413079746,0.13079746413079746,0.0,0.0,39.0499746799469,True,True
full,word2vec_proxy_glove,Static proxy (GloVe 300),static,glove-wiki-gigaword-300,spectral,30,,0,10,kmeans,0,0,,euclidean,,17982,nearest_neighbors,1.0,0.015364407561719418,2.696488857973463,0.13719914772366418,0.055480244646235244,1.0,30.0,17982.0,0.0,0.0,1.0,9.0,5350.0,599.4,166.5,1030.0671046101802,0.2975197419641864,0.2975197419641864,0.0,0.0,161.05260968208313,True,True
full,word2vec_proxy_glove,Static proxy (GloVe 300),static,glove-wiki-gigaword-300,spectral,25,,0,0,kmeans,0,0,,euclidean,,17982,rbf,0.1,0.014167353510856628,3.744805715396315,0.18179954420159838,0.011661205303251659,1.0,25.0,17982.0,0.0,0.0,1.0,204.0,1617.0,719.28,669.0,305.2342733049485,0.08992325658992326,0.08992325658992326,0.0,0.0,36.49565291404724,True,True
full,word2vec_proxy_glove,Static proxy (GloVe 300),static,glove-wiki-gigaword-300,spectral,30,,0,10,discretize,0,0,,euclidean,,17982,nearest_neighbors,1.0,0.0126659469678998,3.2447000747715604,0.2578742588268337,0.0,1.0,30.0,17982.0,0.0,0.0,1.0,10.0,2223.0,599.4,328.0,657.7435974602869,0.12362362362362363,0.12362362362362363,0.0,0.0,157.67826461791992,True,True
full,word2vec_proxy_glove,Static proxy (GloVe 300),static,glove-wiki-gigaword-300,spectral,25,,0,0,kmeans,0,0,,euclidean,,17982,rbf,1.0,0.012609965167939663,3.4000111121924657,0.17002767542042765,0.04167984364010852,1.0,25.0,17982.0,0.0,0.0,1.0,11.0,2192.0,719.28,647.0,488.5303282294764,0.12189967745523302,0.12189967745523302,0.0,0.0,37.72629141807556,True,True
full,word2vec_proxy_glove,Static proxy (GloVe 300),static,glove-wiki-gigaword-300,spectral,25,,0,0,discretize,0,0,,euclidean,,17982,rbf,1.0,0.0125418147072196,3.6485330168908394,0.2093411421730909,0.024695162201028797,1.0,25.0,17982.0,0.0,0.0,1.0,16.0,1151.0,719.28,751.0,287.7476005112814,0.06400845289734179,0.06400845289734179,0.0,0.0,34.4677791595459,True,True
full,word2vec_proxy_glove,Static proxy (GloVe 300),static,glove-wiki-gigaword-300,spectral,25,,0,0,discretize,0,0,,euclidean,,17982,rbf,0.1,0.011866472661495209,3.787382637850479,0.21446035020746124,0.04239051052656132,1.0,25.0,17982.0,0.0,0.0,1.0,300.0,1134.0,719.28,708.0,221.70169507696596,0.06306306306306306,0.06306306306306306,0.0,0.0,35.444775104522705,True,True
full,word2vec_proxy_glove,Static proxy (GloVe 300),static,glove-wiki-gigaword-300,spectral,25,,0,10,kmeans,0,0,,euclidean,,17982,nearest_neighbors,1.0,0.011715375818312168,2.828298379200737,0.1731937494724422,0.0,1.0,25.0,17982.0,0.0,0.0,1.0,10.0,4624.0,719.28,299.0,1053.8561389487656,0.2571460349238127,0.2571460349238127,0.0,0.0,156.82178473472595,True,True
full,word2vec_proxy_glove,Static proxy (GloVe 300),static,glove-wiki-gigaword-300,spectral,25,,0,30,discretize,0,0,,euclidean,,17982,nearest_neighbors,1.0,0.011536057107150555,3.3994167762716128,0.22042568773792426,0.0,1.0,25.0,17982.0,0.0,0.0,1.0,2.0,2397.0,719.28,643.0,549.7337915755224,0.13329996663329996,0.13329996663329996,1.0,0.00011122233344455567,227.35183954238892,True,True
full,word2vec_proxy_glove,Static proxy (GloVe 300),static,glove-wiki-gigaword-300,spectral,30,,0,0,kmeans,0,0,,euclidean,,17982,rbf,1.0,0.008919981308281422,3.41448171187735,0.16380800039028254,0.044674060749525304,1.0,30.0,17982.0,0.0,0.0,1.0,11.0,2474.0,599.4,582.0,436.9726612348496,0.13758202647091536,0.13758202647091536,0.0,0.0,39.37471127510071,True,True
full,word2vec_proxy_glove,Static proxy (GloVe 300),static,glove-wiki-gigaword-300,spectral,30,,0,0,kmeans,0,0,,euclidean,,17982,rbf,0.1,0.00883722398430109,3.6342108503568444,0.18521245885603962,0.05257713644199286,1.0,30.0,17982.0,0.0,0.0,1.0,178.0,1755.0,599.4,540.5,273.7610393512318,0.09759759759759759,0.09759759759759759,0.0,0.0,40.03760504722595,True,True
full,word2vec_proxy_glove,Static proxy (GloVe 300),static,glove-wiki-gigaword-300,spectral,30,,0,0,discretize,0,0,,euclidean,,17982,rbf,1.0,0.007719090674072504,3.6472392008479293,0.22077364987125056,0.04415809178808964,1.0,30.0,17982.0,0.0,0.0,1.0,20.0,941.0,599.4,642.5,218.30767279232307,0.05233010788566344,0.05233010788566344,0.0,0.0,35.263694524765015,True,True
full,word2vec_proxy_glove,Static proxy (GloVe 300),static,glove-wiki-gigaword-300,spectral,30,,0,0,discretize,0,0,,euclidean,,17982,rbf,0.1,0.007483741268515587,3.8941656176971415,0.22425537496118694,0.042411590292253734,1.0,30.0,17982.0,0.0,0.0,1.0,257.0,958.0,599.4,649.0,190.94442472440335,0.053275497719942166,0.053275497719942166,0.0,0.0,38.09767937660217,True,True
